variable1,variable2,
0.87479,1.4602
0.12309,0.19028
3.3294,6.2136
0.62906,1.6663
0.38734,0.52181
0.84755,0.87062
0.4259,0.58733
0.18102,0.26831
0.19138,0.93321
0.14541,0.13443
0.1304,0.31682
0.34476,0.27732
0.2387,0.56149
0.2399,0.35142
0.60439,0.52793
0.47189,1.0823
0.46457,0.77308
0.30467,0.41219
0.72088,0.7527
0.21043,0.39039
0.49739,1.4766
4.2878,12.282
0.49229,0.3629
1.2909,3.4349
0.81689,2.4912
1.6217,3.6649
0.37536,0.45472
0.56467,2.017
0.16815,0.22079
0.79922,1.522
0.20482,0.16636
1.6236,2.559
0.62635,2.4613
0.36662,1.4506
1.8451,2.5164
1.5597,2.7575
1.0478,1.4868
0.40288,1.0385
0.08181,0.045671
0.15532,0.41864
0.090306,0.20786
0.86734,1.0121
2.8906,6.9601
0.36067,1.1217
0.92839,1.3728
0.65281,0.84306
0.60283,0.75225
2.1785,4.4253
0.71204,1.7741
0.072343,0.16397
0.75846,0.83893
0.19317,0.11704
0.35085,0.46468
0.50305,1.4171
1.1102,2.2978
0.36615,0.77479
0.10899,0.32964
1.0962,1.3649
0.344,1.4408
0.12481,0.32113
0.56872,0.65641
0.32798,1.4091
0.6516,4.1078
0.37827,0.49787
2.822,8.6909
0.50163,0.83495
0.36211,0.23777
1.1193,2.7787
0.61652,0.64467
0.359,0.40491
1.7269,2.8784
0.37718,0.78095
0.35797,0.29462
0.38574,1.1117
0.40476,0.49548
0.44515,0.31716
0.20047,0.25491
0.77098,0.80839
0.47627,0.67786
2.5068,5.8502
0.64595,1.5148
0.4543,0.61614
0.17861,0.13879
0.15633,0.25753
1.4277,4.3594
0.19627,0.4373
2.0511,3.6968
0.41134,0.39645
0.80824,2.853
0.83901,0.81778
0.1974,0.15231
0.40616,0.84605
2.3852,5.5974
0.11075,0.15989
0.086509,0.11997
0.33101,0.25028
1.5294,3.55
0.51404,0.44334
1.2308,1.8987
0.44215,1.5751
0.51556,0.99118
1.042,1.2159
0.29937,1.1538
0.46348,0.90741
0.60027,1.2111
1.1711,1.7428
0.17896,0.19425
2.3462,5.8423
0.63813,0.55343
0.84805,1.4102
0.32727,0.29416
2.0155,4.4098
0.74913,1.5821
0.2797,0.41858
0.48329,0.34305
0.17073,0.082985
0.11919,0.083854
0.93451,1.0985
0.81299,1.1307
0.23289,0.60785
1.7837,2.6962
0.35866,0.78893
0.091588,0.20759
0.29168,0.86867
0.94434,1.2165
0.19708,0.64765
0.18646,1.0436
0.34827,0.24014
0.60265,1.0903
1.0497,1.4701
0.22117,0.28546
0.36806,2.5623
0.28393,0.76033
0.52159,0.78881
0.92048,0.92785
0.39505,0.42866
0.27392,0.16632
0.22112,0.18893
0.14192,1.0639
0.31202,0.30961
0.34892,1.3232
0.3321,1.1354
0.27543,0.79742
2.4824,4.5671
0.39793,2.265
0.85902,1.6343
0.43494,0.48605
0.37411,0.4193
0.30814,0.57835
0.16576,0.30338
1.2978,1.4858
0.51482,1.0201
0.71522,1.1396
1.2151,1.4618
0.17359,0.11903
1.6468,5.7495
0.56691,3.6229
1.0705,2.6179
0.11904,0.046669
0.40213,0.60936
0.076837,0.10897
0.75317,2.5
0.66675,1.59
0.27038,0.40628
3.2873,6.0236
1.7806,4.9269
0.10108,0.15733
0.1513,0.35373
0.18846,0.32264
0.21498,0.26932
1.5228,2.4202
0.35445,0.31926
0.52026,0.74681
0.55032,1.392
0.5491,0.9516
0.4022,2.4469
4.305,14.968
0.27419,0.47375
0.26952,0.33355
0.81954,1.4843
0.71976,1.0776
0.15557,0.46278
2.4987,7.5748
1.5701,2.7588
0.23817,0.18433
0.64006,1.4543
1.2998,5.0529
0.41156,1.0182
0.20053,0.36078
0.25192,0.61729
0.83326,0.87577
0.35391,0.96734
0.78422,2.3248
0.62705,1.1768
0.91837,5.0653
0.48934,1.0269
0.56716,0.83102
0.40804,0.3945
0.2339,0.45062
0.63554,1.1176
0.54947,5.2669
1.403,1.8628
0.6665,0.56526
0.45041,0.52694
1.404,2.7057
0.48722,1.2863
0.85435,0.8599
0.35075,0.82212
0.46969,2.114
0.22915,2.889
0.70462,1.0608
0.080271,0.17334
0.8088,1.284
0.68428,2.1323
0.14002,0.61715
1.1472,1.4213
0.41381,1.4827
0.94251,1.9954
0.63978,0.97843
0.206,0.22835
0.58211,0.60048
0.90349,2.0431
0.71355,1.4947
0.37124,0.45432
0.66798,0.56574
1.3569,1.6195
1.372,2.8116
0.45302,1.4299
0.51597,1.3805
1.6586,3.9724
0.22147,0.34724
0.40751,0.31707
0.36406,2.9736
1.4708,5.7093
0.15792,0.30767
0.32317,0.21351
0.14379,0.58868
1.5516,2.96
2.4677,4.6441
0.63812,3.9038
1.1044,1.2395
0.74284,0.73461
2.5838,5.288
0.49727,1.4131
0.43206,0.43239
1.0637,1.4398
0.23164,0.26835
0.70604,0.69247
0.38028,0.31664
0.82529,1.1564
0.89358,1.1433
0.17824,0.41712
0.93068,4.7561
0.75336,0.65878
0.1912,1.4881
1.5207,2.4848
0.32851,0.38662
0.30945,0.25615
0.16233,0.98789
0.84936,3.6125
0.91567,0.90792
1.4971,1.9329
2.3154,4.5716
0.49815,0.8198
0.90703,1.0904
0.46436,0.72094
4.4599,9.915
0.40444,0.53737
1.196,4.637
0.71367,2.264
0.41365,1.3525
0.25955,0.19344
0.55734,1.0204
0.50115,0.41534
0.53382,1.9858
1.7354,4.8311
1.0935,1.7635
0.34757,0.55502
0.37871,0.73495
0.19352,0.51743
0.11841,0.78568
1.8123,13.814
0.98226,2.6139
1.3778,1.8179
0.52865,1.28
0.44074,0.75311
0.45121,0.44684
0.31832,1.1497
0.56385,0.62659
0.73975,1.8313
0.41659,0.40476
0.16951,1.1721
0.61283,2.2786
0.85605,0.83754
0.25192,0.60605
0.30583,0.86879
1.1473,2.1781
0.58215,2.5224
0.42105,0.42683
0.41366,0.59518
0.55824,0.69074
1.2144,2.2414
0.95921,3.0536
0.27236,0.47382
0.66859,1.6309
0.91141,0.99153
0.5492,0.44224
0.21485,0.38797
1.0109,2.1289
0.25358,0.56379
0.15267,0.45691
0.85265,1.9442
0.73505,0.78928
0.76732,1.2289
0.23801,0.28617
0.71875,1.0664
1.2788,3.2825
6.4569,19.413
0.23187,0.32248
0.15014,0.96007
1.3458,2.7315
0.43635,0.50958
0.28107,3.2903
0.23507,0.58591
0.29299,0.4418
0.97296,2.0126
0.72225,1.2778
0.46371,0.42582
1.8951,3.8686
1.2381,2.2195
0.57593,1.1235
1.6013,3.3311
0.91859,1.5746
1.3541,1.7583
0.29491,0.40369
0.53388,1.1295
0.31264,0.78529
0.50787,2.0423
0.56426,0.50254
2.0233,3.5222
0.31512,0.20527
0.30016,0.40978
0.62764,0.63419
0.3092,0.46223
0.65611,0.9544
0.13208,0.63247
0.11816,0.38249
0.23302,0.9082
0.49893,0.41397
0.44991,1.6307
0.17849,0.23076
0.56033,0.96335
0.34812,0.29032
0.66627,0.9793
0.23011,0.29576
0.5746,0.51365
0.22118,0.46843
0.96501,1.6427
0.6231,0.8548
1.0877,1.5823
0.7966,0.82131
0.40811,0.75547
3.1556,7.0037
1.957,8.4595
0.14606,0.56522
0.57206,0.91555
0.35745,0.2638
5.1014,22.729
0.86586,0.90805
0.36473,0.7894
0.87641,1.2351
1.8239,3.3246
0.51807,0.42267
1.9804,3.4431
0.71021,1.859
0.48327,0.52282
0.55124,0.93122
0.36439,0.98192
0.98757,1.2837
0.089887,0.09532
1.7956,3.2121
0.12306,0.31492
0.56594,3.3612
0.56469,0.59078
0.46729,0.37087
0.36551,1.0718
0.79318,1.1799
0.75857,0.66923
0.31653,0.84955
0.43699,1.4804
0.41915,0.90026
1.128,2.4206
0.93898,1.7233
0.30366,0.32176
0.87834,2.5242
0.15106,0.84411
0.19603,1.2077
0.51507,1.4794
0.95516,1.6421
0.37773,1.4458
0.88858,0.8676
1.0469,1.3545
0.83651,2.0921
0.16188,0.17134
0.53124,1.4654
0.74495,3.0979
1.9776,7.2754
0.29782,1.0797
0.29959,0.33546
0.65022,4.0875
0.25416,0.24909
0.53688,1.3956
0.64822,1.2569
2.4813,8.6981
0.52829,1.0201
1.3828,1.835
0.33728,0.42963
1.5091,2.2815
0.91999,1.0831
1.0298,5.8575
2.8914,9.0091
0.72306,0.72755
0.35143,0.62358
0.14837,0.98105
1.0387,2.367
0.25737,0.41509
0.72892,0.68574
0.15992,0.17495
0.42065,0.36331
0.3227,0.23695
0.14196,0.59061
0.35981,0.33236
0.52663,0.63326
1.0632,2.9152
0.21019,0.15221
0.33709,0.47515
0.84526,1.2336
0.88642,1.3404
0.38445,1.1028
0.26653,2.0965
0.88388,1.3731
0.25425,0.47834
0.46854,0.62571
0.55004,1.0263
1.2254,3.1485
0.27035,0.37302
0.12456,0.28288
0.23234,0.47705
0.81268,0.95459
0.68255,1.6062
0.32981,0.60547
0.18547,0.32015
0.72805,0.62205
0.76005,2.0794
0.293,0.20377
1.0428,2.1772
0.41585,0.30712
2.5651,7.2239
0.5415,1.3573
0.18947,0.30963
0.66369,0.62418
2.1357,4.2
3.9709,7.9341
0.32806,0.38109
0.38355,1.4543
0.42141,0.28881
1.1694,2.7511
0.62182,4.1784
0.23994,0.42943
0.24927,0.62412
1.6587,2.7934
0.5039,0.48136
1.3511,3.0726
0.61062,0.59014
0.58309,0.74667
0.13764,0.25541
0.78246,1.5128
1.0977,1.2212
0.89973,2.197
0.33701,0.84659
0.70761,2.1711
1.3985,1.7244
1.1412,1.7871
0.53824,0.58347
0.95108,2.175
1.353,4.0641
0.20197,0.42037
0.17979,0.39794
0.91802,1.3921
0.71306,0.6881
0.24695,0.47707
1.3921,3.6012
0.56849,0.55339
0.38201,0.43502
0.66532,1.1332
0.74791,1.7234
0.45072,0.54732
0.14059,0.45047
0.50303,0.67066
0.30424,0.494
0.23761,0.21674
1.053,1.574
0.50918,0.93451
0.63503,0.78315
0.23935,0.21556
0.59072,1.1082
0.28412,0.80819
0.28444,0.36313
0.41639,0.59833
0.27153,1.3946
0.10933,0.24841
0.52336,0.6216
0.87114,1.523
0.29949,3.7425
1.189,1.4754
1.1555,1.3572
0.74354,1.4607
2.4515,4.4674
0.69623,0.68937
0.51197,1.6112
0.31924,0.22716
0.59775,3.2736
0.28253,0.57294
2.172,13.03
9.7504,35.993
0.15587,0.20692
0.1666,0.21272
0.17872,0.23362
0.4909,0.55732
0.35939,0.40566
0.57049,1.0398
1.4646,1.7825
1.4671,3.1055
0.60168,1.0762
0.18374,1.1739
0.59016,0.74125
0.08677,0.29821
0.31103,0.46434
1.0474,5.7256
0.73086,2.2936
0.87352,1.0234
1.0355,2.122
0.23109,0.53456
0.56213,0.42222
0.68655,0.6924
0.48287,0.85148
1.5975,2.6854
0.22808,0.18929
0.3852,1.7533
0.61587,1.9546
1.5399,6.3261
0.6052,1.0706
2.5387,5.4248
0.73333,1.8161
0.86112,1.0868
0.16904,0.38619
0.28203,0.75237
0.57048,0.88877
0.62394,2.2804
0.29764,2.1223
0.63124,0.83687
0.43154,1.147
1.1634,2.3155
1.1749,4.5955
0.34163,3.3785
2.4331,7.879
0.75518,0.666
1.1487,2.9655
1.3714,4.201
0.091202,0.051478
0.89435,2.7838
1.3622,2.3504
0.3993,0.30103
1.8771,3.0181
0.47669,1.0154
0.91407,2.502
1.2482,4.913
1.3049,3.2342
1.1897,3.1116
0.54755,1.9336
1.0426,2.7259
0.40749,0.37228
1.4629,2.6459
1.9128,2.8141
0.30717,0.89387
0.6369,1.1517
0.93688,2.1128
0.41589,0.35749
0.33389,0.96625
0.33783,0.20366
0.19621,0.35649
0.66441,1.3693
0.53199,1.342
0.44237,2.182
0.27203,0.35386
0.2109,0.11016
0.55324,0.50206
0.95089,1.418
1.1103,2.8775
0.53882,0.91035
0.76227,1.7802
1.2596,1.5585
0.25127,0.4164
2.2283,3.729
0.27304,2.3932
0.26837,0.35116
0.67238,1.2799
0.1299,0.49219
0.76977,0.68756
0.373,0.54293
0.49929,0.93652
1.0607,5.3592
0.088157,0.77027
0.41961,1.4256
0.31848,0.3854
0.35113,0.95228
0.34354,0.84875
0.54321,2.0871
0.18902,0.53733
0.34604,0.32384
1.4741,2.4712
1.8298,3.358
0.55245,1.4001
0.35798,0.56403
0.5813,3.7052
2.0515,4.2163
0.51207,0.41018
0.82144,0.98523
0.41567,0.35663
0.37031,0.97584
0.71263,1.0886
0.22295,0.30722
0.43458,0.48236
0.23262,0.81461
0.51218,0.65581
0.097963,0.91778
0.64209,2.7688
1.9216,3.9272
0.19731,0.10726
0.32208,0.42876
2.6945,8.4912
0.63692,1.4644
0.23845,0.52706
0.87786,2.3878
2.116,4.3996
0.65762,0.81366
0.15534,0.58486
0.83397,1.0643
0.29291,0.59456
0.24689,0.30003
1.0343,1.5389
0.13986,0.2019
1.1777,2.9168
1.271,1.6063
0.38672,0.95732
3.2434,9.6209
1.2491,9.2298
0.47263,1.0864
2.573,5.3382
0.37587,0.43097
0.33571,0.35877
1.0249,2.1149
2.9675,8.5779
0.60876,1.3601
0.90865,2.2011
0.54136,0.79495
2.8425,6.4291
0.43031,1.0195
0.316,0.34134
0.19712,1.948
0.14081,0.27176
0.55609,0.58955
0.43399,1.366
0.69024,6.1815
0.78177,0.89206
0.99655,1.0538
0.62764,1.4492
0.39668,0.44242
0.31512,0.59095
0.6544,0.63274
0.37719,2.9215
1.9282,2.9609
0.28456,0.31406
1.4932,4.1467
1.0187,7.8296
0.62989,0.86022
0.20283,0.55725
0.66503,0.71342
2.6355,11.258
1.8371,4.5155
0.55191,0.96548
0.44732,0.86093
0.43985,1.7033
0.45747,1.221
0.31384,0.87152
0.11235,0.23218
0.63493,0.87868
1.4751,2.1584
0.93686,2.0252
0.1817,2.2146
0.27442,0.19878
0.84142,8.619
0.29273,0.36358
0.26356,0.77232
0.90154,1.7365
0.97801,3.5135
0.21741,0.96664
0.91104,1.3733
0.073585,0.57889
0.34398,2.3569
0.70317,0.67416
0.98695,2.1368
0.76866,1.246
0.30065,0.18399
0.96772,1.2525
0.57557,1.8382
1.121,1.2441
0.24761,0.50083
0.95224,0.93981
0.45195,0.54904
0.55465,0.72448
0.8248,2.697
1.2198,1.9416
0.057869,1.1621
0.91731,1.3353
0.74403,1.8123
0.36254,0.37074
0.70298,1.018
0.68193,0.81684
1.7612,4.3429
1.1775,1.4019
0.47609,3.5862
0.54023,0.81485
0.21902,0.11185
0.15916,0.17973
0.36036,0.29804
0.33985,0.62026
1.3576,1.8669
0.58769,0.53086
2.2149,3.7213
0.19379,0.21901
0.29477,0.40035
1.1942,2.2769
0.13044,0.35186
1.2703,3.0076
0.26909,0.94036
1.0945,1.1984
0.39323,1.16
0.78638,0.91306
0.33352,1.1551
0.35192,0.46065
0.8675,4.4824
0.9712,2.8035
0.4275,0.77094
0.52445,0.8309
0.54809,0.96736
0.39613,0.25912
0.99089,3.123
0.32928,0.71668
0.68616,0.69559
0.56671,0.44148
0.68698,1.4555
0.14617,1.3373
0.50558,0.40603
0.29708,0.3081
0.81357,1.8152
3.3585,28.558
0.35882,0.31091
1.2901,7.083
0.18367,0.62312
1.0485,2.6813
0.39619,0.82883
0.83464,1.4527
1.0265,1.6063
0.31313,1.0699
1.1297,2.9503
0.59351,0.98784
1.088,1.2229
0.35593,0.27357
0.65726,0.56112
4.4283,10.937
0.93384,0.90244
0.99616,2.3033
0.97953,1.6602
1.3232,2.7355
0.88881,3.4705
0.72743,1.4421
0.09562,0.38383
0.59914,2.6147
0.64305,0.9509
2.0092,4.4419
1.1728,2.1392
0.28719,0.522
0.95883,2.1489
1.4477,2.3225
0.3506,0.28035
0.39938,0.7004
0.22969,1.0097
0.24135,0.70776
0.91764,1.731
2.215,8.523
0.40913,0.70009
0.39867,0.75688
1.5151,2.2517
0.51016,1.163
0.24877,0.18717
1.1085,2.7803
0.23467,0.49343
1.3736,2.6054
0.25385,0.49898
0.67145,1.4521
0.21818,0.92536
0.13556,0.25252
1.0387,2.3795
1.1938,9.3582
0.45068,0.36564
0.29468,0.29377
0.93473,1.0849
1.1392,1.7571
1.0437,3.5252
0.47612,0.59054
0.21725,1.1381
0.70352,1.1076
0.2023,0.23591
0.34199,0.52434
0.43828,0.40256
0.70022,1.9013
1.0875,3.5703
1.2385,1.949
0.12853,0.20182
0.9443,2.1681
0.1074,0.094832
0.8264,1.2734
0.91038,4.9445
0.32768,0.80472
0.12273,0.30769
0.21868,0.93532
0.40734,0.33964
0.25026,0.31913
0.5118,0.61887
0.9894,4.1908
0.74852,3.0347
0.9209,5.1355
0.95048,1.4832
0.81484,1.9885
0.70129,0.67452
1.9007,3.8828
0.17595,0.5526
0.19967,0.63792
0.63007,2.9085
0.99148,3.2298
1.394,5.5012
1.313,2.9798
0.77946,0.89617
0.48618,1.9037
0.066412,0.15495
0.87466,0.82742
0.92351,1.096
0.85095,2.9582
0.88874,0.91469
0.25208,0.25823
0.19339,0.3484
0.36082,0.23348
0.2153,0.71284
0.68818,0.86871
0.46679,0.40648
0.24953,0.30138
1.2886,2.6102
0.27247,0.51081
3.6773,10.444
0.90145,1.3304
0.89755,1.5034
0.77978,1.1001
0.96534,1.0134
0.11159,0.090768
0.60935,1.9012
0.37186,0.32749
0.34594,0.61252
0.53234,7.1654
1.0001,1.1387
0.11143,0.15461
0.18452,0.29751
0.32421,0.79432
0.51536,1.9869
0.48895,0.35942
0.48349,1.5838
2.0932,3.9917
0.84829,1.5859
0.43345,0.47946
2.1449,3.5728
0.80192,2.5418
1.4481,1.7988
0.7515,2.4563
1.2267,1.4945
0.36479,0.38004
0.91651,4.0297
0.76947,1.3069
0.57496,0.80437
0.40598,0.54867
2.3419,3.854
0.42798,0.83986
0.91891,0.96316
1.6331,2.1255
2.5565,4.7019
0.28238,2.3251
0.34846,0.96512
0.82006,1.18
1.6095,2.4341
0.71201,3.7355
1.0588,1.7091
0.67401,3.3884
0.89718,0.86477
1.1597,3.9917
1.7711,9.2147
0.44965,0.88908
0.59412,1.2048
0.32286,0.37733
0.57846,2.0227
0.17528,0.68711
1.4284,3.6788
0.9643,1.1834
0.65591,0.56011
1.0215,1.9997
0.1853,0.15069
0.49895,2.7627
0.78064,2.724
1.0915,5.5671
2.5854,7.4992
0.43489,0.95057
0.28702,4.004
0.13723,0.30488
1.2224,1.5309
0.48923,0.38453
0.39017,0.46138
0.64526,0.52085
1.7336,3.093
4.1796,13.147
1.3777,1.6348
0.23844,2.6309
0.25251,0.1703
0.45761,0.72687
3.029,6.4539
0.7271,0.73309
3.4708,7.0931
2.029,6.9592
1.3377,3.7938
0.57311,0.51381
0.18528,0.16859
0.59585,1.6828
0.56667,1.1012
0.4132,1.5342
1.6228,3.6677
0.23976,0.53087
0.37976,0.53078
0.83725,3.6468
0.86316,3.5972
0.15198,0.11139
0.59242,1.0789
0.62575,1.0397
0.38981,4.4418
1.4897,3.5523
0.44657,0.4801
0.28046,0.58247
3.0787,6.0827
2.0458,3.8084
3.0125,8.2956
0.95671,1.0878
0.75462,0.73023
0.32267,0.3707
0.768,2.9489
0.63707,0.54142
0.51871,0.41577
0.62527,0.7623
0.71656,1.9556
1.8493,3.1737
0.39796,0.33086
0.37372,0.71139
0.41685,1.0038
0.61105,1.6037
0.70518,2.4799
0.49049,0.34819
0.45362,0.88073
1.2285,2.4781
0.27167,0.48031
0.88347,1.0973
2.5511,4.9392
0.053691,0.33704
0.40519,0.63538
0.74326,2.3329
0.36497,0.65133
1.4572,2.791
0.077229,0.30661
2.33,4.8035
0.5258,0.60876
0.21384,0.39031
0.24647,0.22893
1.6611,6.4949
0.11725,0.61621
0.64671,1.597
1.0465,1.7681
0.11535,0.32619
1.0101,1.6232
1.7593,3.2872
0.43094,1.0904
2.5019,6.1549
0.26396,0.31559
1.2247,1.6807
0.45758,0.64928
0.35572,0.37804
0.26798,0.32472
0.22053,0.48611
0.41838,0.68032
0.079319,0.17753
0.51562,0.81607
0.18672,0.57704
0.39451,0.65347
0.99994,1.1522
1.566,2.5465
0.60138,0.64046
0.34897,0.44402
0.69748,2.5486
0.57435,0.62765
0.72639,1.2746
0.37234,1.7155
2.8632,7.2921
0.11937,0.1983
1.1564,2.5543
0.73923,0.73975
0.21096,0.90293
0.5654,1.1432
1.0334,1.0518
0.25876,0.55167
0.70058,0.9873
0.12051,0.33873
0.10761,0.33238
0.57854,2.7855
0.83313,1.9799
0.57365,0.65589
0.3344,0.45892
0.3768,0.3772
0.93991,2.3003
0.88178,0.94881
0.57129,1.0483
0.55189,0.55214
0.83524,1.0883
0.32473,0.53238
0.1593,0.31184
1.0346,1.3379
0.037262,0.66991
0.24065,0.22547
0.35052,1.4592
0.7787,1.27
0.39738,0.46065
0.27739,0.3998
0.16049,0.65335
0.59089,2.1111
1.8688,2.6187
0.51546,0.42128
0.99136,1.3395
0.085117,0.34452
0.11457,0.12812
0.43648,0.62006
0.3345,3.1852
0.11663,0.1443
0.45164,1.6169
0.4061,2.6939
0.50513,1.9372
0.37304,0.45967
0.21871,0.2205
0.35952,1.5846
1.4342,3.0376
1.3204,14.147
1.5964,2.8111
0.40942,0.33336
1.6687,2.6074
0.95986,1.1333
0.074853,0.17997
1.5381,2.9753
0.2859,0.26782
2.6855,4.952
1.6235,2.4843
3.3916,7.2329
1.1189,3.9481
0.40052,0.96117
0.81512,0.88835
0.40713,0.70823
0.22765,0.68927
1.3737,2.4739
1.0937,6.2831
0.15258,0.36047
0.98979,1.0577
0.15046,0.70882
0.82651,1.0108
0.19111,0.82373
3.2791,8.0646
0.16313,0.3837
1.2182,4.5813
0.33491,0.41155
1.2268,1.8208
0.82286,1.1725
0.34169,0.24233
0.74652,1.5566
0.24827,0.76238
0.30567,0.81301
0.34576,0.79117
3.0765,7.2566
0.13753,0.36086
1.1448,3.1088
2.6704,4.571
0.31901,0.42909
0.66672,0.61328
0.26651,0.25372
0.81749,1.4839
1.1754,1.9767
1.1435,3.5407
1.0331,1.4656
0.32156,2.2826
0.19898,0.29321
0.50246,0.60834
0.37172,0.37936
0.2167,0.28345
0.32461,0.19477
0.7695,1.5043
0.16003,0.75226
0.41171,1.18
0.023626,0.055875
0.19509,0.80172
0.62243,0.84142
1.8339,2.5889
0.26258,1.0162
0.58024,0.65371
1.1423,1.3332
1.333,3.1178
0.54811,0.85395
0.7322,3.2294
0.22147,0.76562
1.6367,10.138
0.29226,0.68175
0.94815,4.1168
1.5273,3.9868
0.1474,0.38106
0.18636,0.5712
0.49326,1.055
0.25204,0.87665
0.092097,0.046717
0.65106,0.57735
0.30934,0.32434
0.8858,1.3073
0.67281,6.9837
0.37733,0.28473
1.5442,3.3952
0.56188,2.7041
0.55039,0.59468
0.24667,0.27756
0.34521,0.22692
0.4684,0.57544
1.5655,11.118
0.5918,0.89205
0.45877,0.61543
0.86509,3.1254
0.61698,1.2955
1.5214,2.2971
0.30414,0.20586
0.57235,0.73543
1.4643,9.1632
1.3837,3.3062
1.8481,3.7084
0.49379,0.62887
1.342,1.6177
0.81258,0.84313
0.33114,0.34934
0.44916,0.55144
0.55743,1.7297
0.50683,0.51703
0.21672,0.59516
0.6947,0.90491
0.99007,1.4191
0.3498,0.71246
1.1031,1.8015
0.44835,0.57035
0.56348,0.58872
0.2641,0.31889
1.2685,2.6402
0.82811,1.0187
0.4329,0.48619
0.13383,0.75097
1.3184,6.0211
0.72976,1.3573
0.48349,2.4465
0.92191,1.0233
0.4541,0.60504
0.23425,1.0357
1.348,3.6895
2.1065,5.8384
0.50028,1.0114
0.90966,1.0476
0.37694,0.29353
0.11684,0.29036
0.5772,1.0234
0.068677,0.46591
4.6623,19.516
0.55155,0.55374
0.18064,0.37223
0.32599,0.61329
0.13722,1.0176
0.64112,1.2454
0.61345,0.80181
0.3655,1.8768
0.79371,0.71099
0.30853,0.95783
0.2461,0.74238
1.0567,1.5919
1.6437,2.5269
0.40754,1.6497
0.16456,0.10838
0.40615,0.67457
1.8183,2.6006
0.17407,1.4467
0.20894,0.29121
0.11755,0.10001
0.66054,0.80696
0.48525,1.7034
0.40517,1.5267
0.69197,1.1493
0.63435,2.1616
0.446,1.8739
0.75584,3.0077
1.073,2.0407
0.15304,0.33187
0.69448,2.7868
0.35704,0.44581
0.17956,0.34958
0.56071,1.7823
0.22299,0.11808
0.54903,1.8033
1.6593,2.3384
0.82167,0.96925
0.45022,0.54119
0.17718,0.4235
0.41327,0.52146
0.068168,0.4077
0.6155,2.8912
1.1169,1.2674
1.4771,3.0607
5.7189,14.645
0.86497,0.81977
0.46963,0.98816
1.2657,2.3678
0.6169,0.97881
0.41032,1.1414
1.0892,2.3522
0.82898,0.93627
0.27661,0.24116
0.29933,0.34925
0.069274,0.094505
1.2734,2.5246
0.28928,0.33781
0.36255,0.87766
1.0928,1.1588
0.46997,0.61971
0.68316,1.7509
0.8885,1.3948
0.79942,0.72971
0.30873,0.49504
0.86573,1.0361
2.539,5.0676
1.0784,1.4981
2.1976,4.6261
0.93553,1.3217
0.19807,0.78069
0.14927,0.86595
0.92891,2.4171
0.67017,0.82928
0.26222,0.38203
0.18395,0.3731
0.44689,0.62261
0.3431,3.1403
0.15918,0.19574
0.14754,0.19573
1.7449,2.324
1.7822,4.6528
1.6396,2.4103
0.40946,0.32288
0.55157,1.1699
0.49713,1.7786
1.2262,2.8677
1.0665,1.9691
0.83725,2.5212
2.3294,3.9197
0.37961,0.42804
1.9585,4.0909
0.35712,2.3209
0.63964,1.2892
1.5709,4.1468
0.65904,0.83586
0.30491,0.82499
0.58115,0.82281
0.28392,0.48227
1.4592,3.9079
1.393,2.3315
1.5763,2.3377
0.53948,2.1777
0.99998,2.2396
0.36416,0.5669
0.39267,0.56741
0.34245,0.27517
1.221,1.5091
2.0126,4.4155
0.57606,2.5626
1.767,3.7845
1.0635,2.4252
1.0524,1.187
1.3443,5.2182
0.85575,1.2022
0.53325,1.5531
1.1933,2.7041
0.68697,0.77617
0.37608,0.63446
0.68197,0.69992
0.25264,0.16793
0.74372,0.99794
1.7238,3.9713
0.93955,1.1369
0.67193,0.96175
0.33256,0.45891
0.69426,1.0213
0.59913,1.1758
0.89322,1.4745
0.32908,0.35654
0.46161,2.1214
0.16423,0.78826
1.3539,1.9918
0.79245,1.7193
1.2417,1.6391
0.26734,0.39826
0.72375,0.79476
1.5683,3.0448
0.66117,0.57784
0.48487,0.81238
1.7364,2.592
0.37033,0.79464
0.99377,1.2459
0.23168,0.31074
3.0206,8.3429
0.75344,0.66082
0.43533,0.328
0.47122,0.35887
0.34587,0.80795
0.62551,0.63261
1.5112,9.7675
0.28872,0.81627
0.67119,0.62523
0.55202,0.89701
0.38886,1.3516
0.12874,0.40648
0.86792,0.94971
1.1553,2.9161
1.1249,1.1955
0.75058,0.79506
0.11563,0.19916
0.63633,0.55087
0.40425,0.28135
0.35847,0.79862
0.52737,1.0949
1.2236,1.5922
1.1558,1.5841
0.14178,0.26388
0.61708,4.1273
0.23184,0.17032
0.51675,1.3231
0.082576,0.58644
0.41996,0.38706
0.055468,0.25434
1.1471,4.5965
0.48505,0.66818
2.0417,5.9308
0.36823,0.48548
0.3877,0.34762
0.12543,0.16985
0.55075,0.58574
0.68899,0.61256
0.46018,1.1341
0.65093,0.82353
0.57823,1.4589
2.1274,5.6964
0.18397,0.17328
0.12107,0.45688
0.26995,0.34047
2.2902,3.9707
0.57386,4.258
1.5257,2.1885
1.0232,5.2902
0.48104,0.39882
0.69907,0.74221
0.21726,0.32199
0.23107,0.31285
1.091,1.2779
0.61481,0.48597
0.9513,3.7408
0.75274,1.1523
2.3613,4.4703
0.71796,2.4422
0.53382,0.4609
0.61129,0.74525
1.0696,1.2036
1.9764,12.344
0.65198,1.6843
0.17405,0.44907
0.18793,0.4309
0.63271,0.87077
0.50239,0.70836
1.8526,3.0202
0.8368,1.3049
0.50487,0.53278
4.2003,12.098
0.33507,0.49822
1.3393,2.1022
0.6948,0.8579
0.075889,0.067946
0.61788,1.1166
0.094582,0.33648
0.59209,2.859
0.45508,0.71948
0.41282,1.0164
0.25483,0.32944
0.6476,1.0952
3.0022,5.5379
0.66087,1.4666
0.57996,1.423
0.65432,0.869
0.6014,1.224
0.3453,0.2195
0.32293,0.38574
2.0817,4.6675
0.76336,0.78684
0.46988,0.3549
0.70988,0.9758
0.22015,0.16128
0.39216,0.2576
0.3682,0.54958
0.39786,0.66912
0.42603,0.61766
0.39793,0.2817
0.3752,0.70276
0.87063,1.2037
0.81485,0.79432
0.45374,0.69621
0.652,0.78917
0.39185,1.0468
0.60801,0.7498
0.16196,0.93178
0.31591,2.1998
0.37076,0.75564
3.4342,7.2784
0.63987,0.94029
0.13628,0.39567
0.9837,1.0359
0.17542,0.52159
0.53437,1.5184
0.86198,1.0183
1.0944,1.4396
0.35462,1.5049
0.43224,2.4835
0.25849,0.4443
0.61484,0.63999
0.57933,0.54643
1.1588,2.4782
0.86103,3.3038
1.3994,3.3034
0.36087,0.81582
0.55061,1.823
0.38353,0.24162
1.2507,1.9809
0.8797,1.5991
1.3431,5.1276
0.50408,0.37604
0.60169,1.0152
0.56282,0.71312
1.6917,7.0234
0.42867,0.47604
0.32589,0.6922
0.85036,1.2449
0.56321,1.0792
0.81377,1.0636
0.83144,3.5764
0.4533,0.8205
0.87892,1.2498
0.66329,0.66294
0.09848,0.071107
0.24173,0.12275
0.20304,0.63931
0.29662,1.1934
0.65458,1.0976
0.43641,0.70421
0.30268,0.51596
0.6633,0.64677
0.7643,0.81701
0.99892,2.829
0.21635,0.28876
0.66951,0.73657
0.83425,1.4436
0.11143,0.20767
0.81434,1.8547
0.56797,2.3983
1.2272,1.4455
0.095934,0.2518
1.0456,1.7042
0.43463,1.0387
0.13233,0.37468
0.30513,0.24967
0.8193,1.1753
0.69846,0.94464
0.77209,1.2087
0.39396,0.40898
0.1261,0.30455
0.43608,0.50496
0.36782,0.71018
0.21471,0.46668
1.2996,1.6494
0.074679,0.29216
1.0182,1.0342
0.71314,0.94037
0.63381,0.81865
0.31622,0.72923
0.33478,0.30932
0.089236,0.16323
0.7112,1.295
1.435,4.1626
0.42132,0.50568
0.62546,0.72207
0.36805,0.60831
1.4352,1.8497
1.052,2.1992
1.0857,2.674
0.28813,0.16917
1.3642,2.2562
0.53748,0.6947
1.5933,3.7946
0.40144,0.51192
0.50111,3.4732
0.42525,0.31686
0.40007,0.5017
1.8202,2.6221
1.0629,5.2532
0.19174,0.51036
2.3911,8.0628
0.83915,1.6509
0.54537,0.82998
0.47013,0.61592
0.45868,0.35894
0.58673,0.5035
2.1672,4.6715
0.20316,1.0696
0.70375,1.8824
1.4538,2.07
0.36126,1.0442
0.20524,0.74739
0.14949,0.571
0.49897,1.7247
0.51569,0.69937
2.1281,4.6348
0.17337,0.57932
0.7381,0.99453
0.49865,1.0443
0.62594,1.0018
0.78936,1.1158
0.56869,1.7312
1.7526,11.837
0.18384,0.61218
0.61013,0.56505
0.54831,1.9727
0.64496,0.83867
1.1671,2.2296
0.40241,0.71091
0.15108,0.10563
0.29985,0.80245
0.91705,3.0685
0.888,2.1225
0.35001,1.1041
1.5259,5.368
1.383,2.0361
0.61506,1.1057
0.21159,0.3458
0.49443,0.71229
0.71001,1.9876
0.36294,0.44245
0.1834,0.36167
0.22197,0.45691
1.0898,5.1033
0.089743,0.50179
2.0445,3.5305
1.6663,2.3492
0.21285,0.22243
0.11801,0.10639
0.11811,0.37037
0.7056,1.3182
0.99575,2.1157
0.36972,0.22747
1.8299,2.5777
0.42611,1.2267
1.5888,3.0266
0.96357,3.4026
0.21308,0.12465
0.52898,1.5655
0.23717,1.9932
0.23433,0.48216
0.31167,0.27608
0.8997,2.9251
0.64362,1.0736
1.4223,2.4115
0.1983,0.24674
0.50647,1.4255
0.32465,0.35135
0.26153,0.23366
1.5553,6.0533
0.35737,0.38973
0.99848,2.7378
1.4181,4.0095
0.086968,0.30439
0.11781,0.78314
0.1616,0.29018
1.4449,2.2965
0.6016,0.64106
0.11301,0.17952
1.3774,1.9801
0.18842,0.70714
0.68986,1.25
0.28657,0.49848
0.97223,4.0966
0.53767,1.3485
0.28909,0.45738
0.41957,0.64854
0.19154,0.98694
1.4976,3.9394
0.64865,0.67032
0.13542,0.12432
0.26457,0.48812
0.44932,1.0837
0.97635,1.7105
0.50492,2.4683
2.5336,9.5129
0.82938,1.8141
0.90686,1.5493
0.54126,0.42854
0.11248,0.2631
0.53722,0.77671
0.2387,0.44195
0.22638,0.2275
0.38421,0.43041
0.28925,0.23749
2.4986,4.9048
0.28423,0.3972
0.90509,1.978
0.63565,2.0268
0.52278,0.84906
0.66232,0.76468
0.1087,0.34962
1.3457,1.6527
0.085667,0.72738
3.7064,18.433
0.60971,0.53272
0.80963,0.77971
0.4368,2.9745
0.39549,1.1828
1.7822,4.4257
1.2016,4.1987
2.8028,6.2624
2.5542,4.1241
0.20227,0.31187
0.56909,1.9715
2.7687,9.9444
0.66653,2.347
0.17906,0.27721
0.64343,0.68822
0.59807,2.479
0.8594,2.1758
0.33415,0.5554
1.5749,3.5445
0.5247,0.54534
0.26427,0.38528
0.14276,0.17988
0.31542,0.22737
0.39713,0.46287
0.35619,0.65658
0.75913,1.5625
0.53275,0.56049
2.4698,4.8429
0.409,0.62054
0.95076,5.0252
2.2539,7.0225
0.12628,0.40787
0.31756,0.621
2.1254,3.2934
0.16008,0.62388
0.47695,0.36638
0.87958,1.3624
0.5341,1.177
1.1081,1.344
0.2223,0.80145
0.29601,2.0816
0.8023,2.7682
0.11503,0.42018
0.21232,0.15212
0.62279,0.7802
0.30254,0.29438
0.68991,0.93002
1.1534,1.9969
0.26193,1.1628
1.6621,2.5266
0.6071,1.4976
0.51016,0.65219
0.85964,0.80923
0.35032,1.394
0.58547,0.79457
0.099735,0.25434
0.31597,0.34925
1.0249,3.6156
0.49316,1.4254
0.1386,0.99338
0.75107,0.99253
0.65566,0.94876
1.5168,3.9075
0.98833,1.626
5.3663,16.652
0.55411,1.6601
0.1909,0.26223
0.26934,0.26624
0.15622,0.21676
0.40085,0.27919
0.3263,0.2893
0.10193,0.38198
1.9571,3.6908
0.68952,1.9672
0.85053,0.80507
2.1031,3.1838
0.47934,0.73374
0.20396,0.20347
1.4304,2.8757
0.96911,1.0514
0.11907,0.076126
1.025,1.9637
0.37376,0.59572
0.25192,0.49292
2.2908,3.5679
0.20154,0.25302
1.0637,1.3521
0.62399,11.214
0.83621,1.1896
3.322,13.284
0.23863,0.29917
0.85545,1.0675
0.79884,3.9193
0.34518,0.35938
0.23001,0.14765
0.84598,1.1316
0.52594,0.61485
0.28817,0.6694
0.60292,0.61001
1.0474,1.4639
0.49729,0.54222
0.67286,2.1426
0.13998,0.30302
0.70367,1.5096
0.37591,0.25618
1.3439,1.9535
0.31006,1.2833
1.2137,1.4835
0.20208,0.70259
0.85362,0.87989
0.36165,1.6723
0.12537,0.19176
0.50619,0.50829
0.7612,1.1263
0.4387,1.1224
0.28956,0.77992
1.3879,3.5394
0.65216,0.75551
0.2272,0.30809
0.36585,0.70563
1.126,2.3677
0.95252,1.3258
0.41851,0.39367
0.29254,1.1169
0.25974,0.4186
0.54877,1.5448
1.4625,3.032
0.57665,1.8604
0.29917,0.23999
0.96545,1.2851
0.32538,0.21673
0.38828,1.4647
1.4009,2.5778
0.27377,1.1923
2.1894,3.5283
1.5051,2.1601
0.90317,1.2603
0.37289,0.90677
0.29819,0.39943
0.19606,0.094718
1.9493,4.4988
0.42019,0.29472
0.51555,1.6812
0.70908,0.99792
3.0633,6.9641
0.37188,0.64702
0.93583,1.4321
0.26272,0.49874
1.8325,2.9013
0.12247,0.40404
0.36415,0.91614
0.55475,0.55856
0.42157,1.0911
0.35099,0.33763
0.4022,0.4545
0.42748,0.28746
0.22712,1.2511
0.064554,0.097363
0.30099,0.32835
1.1825,3.2794
1.7195,3.2898
0.61392,1.4121
1.9642,2.7666
0.65711,1.0296
0.87793,1.5215
0.31725,0.71025
1.6786,3.8797
0.77526,2.0481
2.5388,6.5179
1.6533,2.2812
0.5366,0.55368
0.5083,0.53282
0.2972,0.84423
0.12826,0.22444
0.37163,1.1342
0.39274,0.47373
0.37692,0.45859
0.13468,0.7288
0.46401,0.92148
0.25223,0.31362
1.5549,4.0298
0.76606,1.2284
1.0139,1.361
0.37618,1.2099
0.49359,0.47506
1.042,2.132
0.7013,0.59872
0.5455,1.1764
0.47247,0.66912
0.36043,0.35701
1.4181,3.1655
0.82318,1.7414
0.96155,1.3471
0.40654,0.54287
0.58073,0.96139
0.26431,1.2788
0.49061,1.9366
0.87085,5.3658
0.29839,0.31129
0.81986,1.6892
0.17313,1.0221
0.85886,1.5702
0.77942,1.0186
0.51338,0.85349
0.66152,1.4848
0.23519,0.95171
0.29881,0.80296
0.13329,0.44548
0.48729,1.3456
1.4048,2.0979
0.26038,1.1652
0.67676,0.73768
0.78493,3.8739
0.28484,0.29362
1.7638,2.6739
1.7791,3.1548
0.37199,1.1253
0.92335,2.4747
0.63546,1.0686
0.42345,0.44072
0.26108,0.69162
0.56489,0.5018
2.4267,5.0703
0.096123,0.2473
0.55906,0.61524
0.71966,2.7005
0.82653,0.76538
0.57515,1.2492
0.96106,2.5419
0.30843,0.33497
0.19972,0.19678
0.55003,4.1804
0.48447,0.90901
0.12839,0.22964
0.58197,0.44489
0.16818,0.64476
1.8531,4.851
0.28439,0.23827
0.31359,0.77729
0.085034,0.20423
0.24432,0.52477
0.37846,1.1199
0.53763,2.6784
0.16785,0.59049
0.26892,0.65965
1.656,3.3577
0.51085,0.36824
0.28119,0.16509
0.90918,1.6619
0.60325,0.60733
0.49277,0.83017
0.9526,1.7263
0.78166,1.3081
0.896,1.2424
1.1348,5.2271
2.0551,4.3146
0.23895,0.28732
0.29166,0.63633
0.45923,1.5203
0.31874,0.44155
0.35136,1.6826
0.43796,0.37
1.042,2.8346
0.56189,0.56075
4.302,9.6403
0.73079,1.3053
2.3343,3.9306
0.3179,0.52983
1.9768,9.7347
1.3044,3.1475
0.22788,0.20581
0.74965,0.82679
0.4364,0.34155
0.40659,1.4355
0.23409,0.26266
1.2588,3.3029
0.59993,15.665
0.40542,0.66541
0.74416,0.87515
0.32219,0.26864
0.55192,1.0045
1.8694,2.6824
1.019,1.3046
0.34567,0.31162
0.84677,0.87467
1.7692,13.862
0.29394,0.64316
0.7414,1.2347
1.2464,9.1253
0.20092,0.24658
0.26609,0.1384
2.9149,5.8282
0.5047,0.74219
0.27244,0.15137
1.793,3.9816
0.34297,0.45362
0.81013,1.2189
2.3876,10.911
0.77056,1.5771
0.29788,1.4378
0.12529,0.19697
0.16477,0.4741
0.2759,0.2737
0.62612,0.50771
0.3251,0.77696
1.1034,1.4288
0.301,0.32462
0.18995,0.5788
0.11595,0.32214
0.072683,0.23032
0.80561,5.5954
0.4073,1.1244
0.98897,3.7503
0.50469,0.84949
3.261,8.1776
0.31302,0.68259
1.4099,1.9624
0.30383,1.7075
0.89618,0.897
0.96505,4.4232
0.095039,0.068407
1.0692,1.7391
0.20134,0.58876
0.51076,0.60499
1.8233,2.5031
2.2688,4.0873
0.66785,0.93811
0.0747,0.33516
0.43583,0.84465
1.7255,5.0069
1.9455,3.3431
0.67652,0.97283
0.39888,0.95362
0.23142,1.417
1.5781,2.4555
0.90396,2.0527
0.43368,0.4463
1.084,1.4758
0.5406,0.67911
1.5829,6.0489
1.4164,2.3335
0.41192,0.57457
1.1363,1.5248
0.23506,0.28697
1.1256,1.4817
0.25882,1.0378
3.5622,8.7365
0.56161,0.63166
0.88635,8.8387
0.68933,0.93451
0.55371,1.3937
0.67895,2.2148
5.345,40.13
0.27197,0.53827
1.0371,4.4169
2.1873,4.351
0.87503,3.3744
0.41041,0.38438
1.3531,2.7379
0.42076,1.5844
0.12404,0.17681
1.4672,1.8641
1.724,2.4134
1.0882,1.352
0.39691,0.3366
0.92936,2.2037
0.10946,0.19398
1.6245,2.3416
1.3101,3.3598
0.71521,1.4291
0.73314,1.0591
0.40488,1.48
0.9306,2.114
0.84593,2.0488
0.63961,0.62332
0.44427,2.3386
0.66021,2.398
1.0832,2.4819
0.7688,1.6446
0.76683,0.84518
1.702,5.3272
0.68615,2.0679
0.41164,2.0116
0.79498,1.4656
0.42742,0.51778
0.35072,0.798
1.0748,1.2911
0.74492,1.1701
0.7859,0.70142
0.88097,0.98945
0.54466,0.61356
0.84278,2.1364
0.36602,0.29638
0.18805,1.19
4.299,15.253
1.2789,2.043
0.61308,1.0636
0.51756,2.0752
0.62221,0.75082
0.17943,0.24322
0.13962,0.64357
0.46222,0.69267
0.10217,0.90348
1.3985,3.2867
0.35563,0.24103
0.53537,0.43611
0.39391,0.72082
0.62229,1.4185
1.5466,5.2407
1.008,1.3258
1.5104,4.5362
0.81977,0.85441
0.50885,1.1191
0.30448,0.28253
3.4918,6.9511
0.32676,0.4189
0.36601,0.31043
0.1626,0.32313
1.0627,2.338
0.65685,0.61488
2.9494,5.5713
0.32821,1.7715
0.43933,0.64773
0.64563,0.72456
0.25141,0.2458
0.69647,0.81024
0.41945,1.1441
0.53636,0.48413
0.34603,1.0904
0.87221,1.084
0.50835,0.71525
0.38628,1.6248
0.26344,1.7607
0.44777,1.8359
0.33566,0.37427
0.52244,0.61156
0.5617,0.50148
1.1073,1.251
1.7259,4.5279
0.43637,0.63558
0.56071,1.1543
0.71575,1.8162
0.51083,1.4568
0.74995,1.3465
0.94751,1.1149
0.32351,0.58162
0.15196,0.4374
0.91509,1.9525
0.53231,0.92144
0.72607,1.1362
1.215,2.4164
0.5556,1.3423
0.19633,0.64721
0.85184,1.7275
1.1582,2.3498
0.16958,0.07832
0.32852,0.72578
0.89384,1.0321
3.0443,10.029
0.58873,0.45833
1.0621,2.945
1.1855,2.5539
1.1499,1.2882
0.54391,0.5742
0.94206,6.5751
0.18807,0.35835
0.70345,1.3778
0.31825,0.85589
0.6248,0.92023
0.63517,1.2864
0.63258,0.90041
1.0089,4.3248
1.0687,1.713
3.4276,7.5993
1.5209,2.3361
0.39002,1.7134
0.47184,0.69859
1.8142,3.0174
1.1624,2.2232
0.37711,0.27488
0.42458,1.9024
0.58192,0.59429
1.7961,2.6293
0.16331,0.12983
0.29506,1.4704
0.10254,0.091228
0.25865,0.48338
1.6212,3.6822
0.34088,0.27799
0.10268,0.42392
0.44958,1.2669
1.6509,2.1513
0.49155,1.2328
1.9646,2.9915
0.49849,0.39827
1.4701,1.8893
0.55976,2.4956
0.38292,0.38298
0.10394,0.070397
0.13428,0.18791
2.5676,7.0124
0.69033,0.57716
0.49458,0.49929
1.3342,1.6345
0.96735,0.96989
0.80303,0.92871
0.44234,0.75614
0.61026,0.76616
0.45529,1.5501
0.50722,2.9866
0.23676,1.1049
0.46376,0.44309
0.5376,2.6332
0.30554,0.47322
0.38423,1.754
0.80013,1.4188
0.4695,2.625
0.31846,0.37496
1.5189,4.0131
0.44377,0.87223
0.38749,0.4916
2.7288,9.3397
3.8081,9.3182
0.73343,1.2523
0.85572,1.1229
0.18184,0.25531
0.37989,1.4904
2.4869,5.3988
0.96619,1.5924
0.29401,0.28686
1.3616,1.7007
0.40258,0.98465
0.44808,0.60446
0.71049,1.2248
0.23759,0.12542
0.20475,0.29844
0.80213,2.1396
4.6655,10.506
2.474,4.5861
0.28806,1.0787
1.2582,2.0398
0.73148,1.0568
3.9804,9.0702
0.64526,0.81564
0.083264,0.15716
2.4387,5.7426
0.943,4.599
1.4538,1.9903
0.99515,1.2069
1.1931,1.4081
0.17343,0.74393
1.8994,5.6448
0.40326,0.75317
0.76137,0.92538
0.7204,1.0961
0.86219,2.1149
0.26812,1.0415
0.5062,0.52022
0.64829,0.6233
0.53142,0.63853
1.2517,2.7383
0.20518,0.27489
0.2181,0.68623
1.2646,2.4116
0.21388,0.12875
0.51027,5.868
0.35756,0.50284
0.25545,0.45116
0.21493,0.37214
0.76846,1.0659
0.11269,0.078513
0.37849,0.85577
0.090854,0.41858
1.2863,1.7286
0.29337,0.42541
0.32732,0.85576
3.2573,7.2201
1.5762,2.7415
0.24795,1.4923
1.0723,2.3609
0.59502,0.55808
0.67024,3.0287
0.34796,0.60099
2.1565,3.6765
0.21989,0.24872
0.83868,1.1053
0.39076,1.6304
0.80981,2.1888
1.9476,4.2382
1.4062,7.9326
0.4161,0.56972
0.22236,0.12506
0.70659,3.468
0.60257,1.2515
1.64,2.2998
1.6747,3.0463
0.089873,0.46491
0.19791,1.3854
0.16544,0.21911
0.45698,0.67346
0.73924,0.6746
0.95387,2.6004
0.96649,2.3451
0.30227,0.20046
1.688,5.1526
0.3971,1.9228
0.80963,2.1776
0.4982,1.4447
0.19199,0.84962
0.46412,0.35795
0.56031,1.4565
0.61642,1.4416
1.6813,4.6324
1.804,3.8103
0.85018,1.5423
0.8517,1.3258
0.34338,0.20507
0.48396,0.52649
0.52152,0.53328
0.53581,0.57655
0.81045,1.6096
1.172,1.6846
1.0422,1.1457
0.53592,0.68164
1.6556,2.3234
0.42854,0.41164
0.70937,0.72268
1.4587,10.877
0.38195,0.76425
0.16869,0.26451
0.57531,1.9921
0.056869,0.21609
0.62278,0.55681
4.5792,10.254
0.26701,0.49877
0.77176,1.0015
0.80508,1.0473
0.54213,3.5333
0.14576,0.14694
0.3423,0.23451
0.13338,0.15722
0.61292,0.91026
0.51641,1.0409
0.68328,2.8666
1.5094,2.2237
1.161,1.6326
0.21803,0.5323
1.1688,1.903
0.52119,0.81043
0.94254,2.173
0.28821,0.77258
0.77495,1.0842
0.17667,0.62308
0.3296,0.92167
0.85033,2.0761
0.47318,3.5237
1.1743,1.5869
1.716,5.4812
2.7764,8.6089
0.42663,0.47592
1.3799,3.1731
0.94356,1.2239
0.51749,0.37243
0.50253,0.39777
0.73153,1.2233
0.6331,0.98478
0.24345,1.807
0.34981,0.3441
0.86578,1.2984
0.58874,0.47598
1.1154,3.3587
1.1012,1.2932
1.6535,3.3262
1.3524,2.8041
1.5876,4.9024
0.50619,2.3752
0.22147,0.11272
0.36792,0.48759
0.35931,0.30207
0.089657,0.15564
0.94233,1.4975
2.0853,3.5514
0.33557,0.75191
0.64087,0.52754
0.17234,0.38077
0.8103,4.3474
0.24641,1.7701
0.88828,1.3273
1.1956,1.9834
0.42103,0.29396
0.6165,0.62349
4.6441,14.87
0.85453,1.3531
0.17205,0.64973
0.33794,0.41844
0.42046,0.4564
0.68325,2.0242
0.41707,0.30126
0.4575,0.71997
0.67161,0.62564
0.89906,3.1818
1.1664,2.0509
0.73362,0.96622
0.36263,0.36986
1.8927,3.3268
0.18555,0.60168
0.38916,1.4489
0.32887,0.19999
1.2864,6.5855
0.45196,1.7304
0.38423,0.59674
0.26454,0.66546
1.0189,2.1436
0.34934,0.21286
0.92623,1.592
0.35591,0.66826
1.3171,6.303
3.3404,8.95
0.18819,0.11886
0.41718,0.40075
0.37358,0.66003
0.78675,1.4206
1.7778,3.5117
0.31819,0.3476
0.22921,0.77104
0.11022,0.11871
1.0197,1.0732
0.16511,0.56992
0.21447,0.23442
0.85307,2.404
2.6204,4.5076
0.35832,0.82309
1.0571,1.2591
0.48815,0.44205
0.57212,3.2622
0.55174,2.3387
0.46437,1.0571
0.49465,1.9114
0.60915,2.4947
0.66346,0.74492
0.82898,2.0365
0.46495,0.46147
0.29957,2.6859
0.53801,0.40111
0.99566,1.1834
0.3638,0.6049
0.641,0.99338
0.40328,0.35668
0.36981,0.77945
0.37133,0.53059
1.3084,4.9318
0.32344,0.38809
2.092,4.866
0.19021,0.26934
1.26,1.5122
0.63352,0.94738
0.46112,2.1861
0.35647,0.24239
0.71992,1.458
1.1307,1.3326
0.21457,0.18179
0.54982,1.7935
0.67138,1.4681
0.8613,1.0927
0.56948,4.5655
0.19406,2.1645
0.71088,1.5646
0.83903,1.9398
0.28401,0.32095
0.88938,0.91209
2.1857,5.4007
0.17662,0.37056
0.71106,0.7292
0.95391,2.9961
0.70712,0.69776
1.6243,11.606
1.2483,1.8418
1.9634,4.6071
0.59386,2.6826
0.98294,3.4653
0.7641,0.97474
0.30484,0.74239
1.2854,2.2329
0.20527,0.58914
0.16481,0.29533
0.90716,1.4389
2.0126,3.4868
0.4258,0.78656
0.68468,1.4289
1.5195,2.0081
1.0313,1.1408
0.14707,1.6827
0.34026,0.23202
0.60054,0.76272
1.0002,8.0607
0.35824,1.5825
3.7615,12.841
0.19031,0.87827
2.6827,5.2446
0.43933,2.9642
0.73269,1.5219
1.0363,1.7255
0.26137,0.47931
0.52752,0.43252
1.5506,2.2191
0.45703,0.48981
0.89377,1.0926
0.65801,0.85447
0.45484,2.7044
0.13175,0.096817
0.81251,1.3905
0.50104,0.5901
0.89572,3.8247
0.95272,2.7225
0.47338,0.69733
1.7558,3.1341
0.58713,0.55216
0.49934,1.5466
2.6351,8.1297
0.70583,1.6915
0.30161,0.49317
0.34737,0.57776
1.295,4.682
0.65283,0.63581
0.26122,0.48226
0.57638,0.72535
0.25732,0.77504
0.16674,0.12665
0.56192,1.5611
0.71234,0.62399
1.3401,1.8747
2.026,3.3001
1.7677,16.17
1.5077,3.4817
0.91509,2.4927
2.2118,3.295
0.63248,1.7181
0.10431,0.46585
1.4132,2.3563
0.78218,0.75952
0.18892,0.65898
2.3417,3.7142
0.57845,2.7429
0.69754,4.2719
0.56936,0.69482
0.8431,1.6662
1.3506,3.0516
0.65742,2.3864
1.179,6.5778
0.1408,0.25096
0.3107,0.38234
4.7305,13.657
0.80492,3.2325
0.24324,0.27273
0.27447,0.27884
0.24933,1.1121
0.84172,1.0311
0.21969,0.97779
0.7682,1.335
0.26161,0.25511
0.12515,0.37477
0.24874,0.289
0.066028,0.39536
0.58294,1.1812
0.14453,0.069197
0.50822,0.5683
1.4479,2.1708
0.65851,1.1285
0.63506,1.0159
0.64443,2.6151
0.37063,0.92277
0.32945,0.65033
0.34007,0.39644
0.23582,0.2327
0.4701,0.41325
1.002,1.5539
0.23059,0.44108
0.65662,1.3089
0.33944,0.32639
2.9518,5.1116
0.23574,0.41388
1.1015,3.0385
0.40028,0.63243
0.17795,0.16062
1.7148,4.7964
1.9124,8.0439
0.43138,0.30379
0.57981,0.48868
0.4231,0.94238
0.70753,1.0933
0.46027,0.52103
1.255,4.7409
0.52425,0.57522
1.2031,1.7906
0.68658,0.85387
1.2287,3.5234
0.65732,1.9427
2.857,5.9712
0.52154,0.6363
1.5246,2.8985
0.44287,0.96008
0.16751,0.18681
0.56607,0.57399
0.32114,0.50064
0.58495,0.83686
0.38432,0.37117
0.37694,0.75889
0.80389,1.5649
1.1695,11.707
0.55595,2.9537
0.689,0.74631
0.2259,0.3518
0.14095,1.0166
0.66405,0.69218
1.5047,1.966
0.68493,0.82993
0.76229,1.3036
0.69577,0.7237
0.47455,0.51238
3.1216,9.4256
0.52923,0.4369
0.6168,0.5185
0.25208,0.5774
0.19501,0.56098
0.1139,0.27156
0.21615,0.26248
1.1402,2.1867
0.48199,1.7513
1.9587,3.3728
0.48267,7.9517
0.48875,0.87343
0.40181,2.0283
0.24869,0.46304
0.32698,0.32601
1.4283,1.894
0.12828,0.11312
1.273,1.553
0.95191,4.3594
0.40393,0.73383
0.79286,1.4683
0.80337,2.0119
0.24915,0.75103
1.5172,2.1245
0.39743,0.81048
0.81363,2.7435
0.21337,1.0866
0.35919,0.80502
2.7339,7.5799
0.87638,5.4973
0.40256,2.9844
0.11546,0.55885
0.95415,1.4973
0.94482,1.1287
0.64522,0.93448
0.75186,1.3645
0.22545,0.53423
0.28236,0.55704
0.32324,1.864
0.45455,1.0205
0.90485,1.6658
0.13627,0.25768
0.22747,1.1095
0.546,0.926
0.40131,0.88889
0.55475,1.3134
0.32704,0.34781
0.74532,0.74783
0.16388,0.16313
0.21383,0.35929
0.65291,1.8507
0.4267,0.92389
0.7632,1.1052
0.30378,0.67227
0.47404,0.68152
0.28219,1.3189
0.35252,1.5176
0.13955,0.41114
0.72565,1.633
0.32125,0.88666
0.45502,0.40897
0.25762,0.47886
0.63522,2.2506
0.29387,0.32713
0.65069,0.77305
0.71041,1.9343
1.6405,2.2249
0.28737,0.55617
0.32827,0.61372
0.55352,0.65855
0.54994,2.7645
0.38069,1.5576
2.0172,3.6513
0.68117,1.6392
0.4628,0.51598
0.76626,1.044
0.4181,1.6546
0.2304,0.16004
0.28291,0.19192
0.072605,0.34897
0.48855,0.37566
0.87419,1.4003
0.14333,0.19005
0.37568,0.28579
1.8931,3.0474
0.12558,0.19106
3.5187,13.841
1.6665,2.7166
0.14424,0.23647
1.0572,2.2985
0.3729,0.34336
2.5701,4.5017
4.3938,13.234
0.48331,2.4434
0.6015,1.2212
0.54976,1.2516
1.1999,2.8269
0.43276,0.36053
0.52609,0.47532
0.86869,1.7016
0.77246,1.2171
1.5787,2.1002
0.75859,0.80031
0.35134,0.26082
1.1756,3.2205
0.47986,0.72619
0.60021,1.043
0.10038,0.18465
1.7084,4.2175
0.35131,0.23667
0.14663,0.29205
0.976,1.3171
0.29552,0.6428
1.4204,4.4242
0.2991,0.24834
0.17482,0.1934
0.50088,0.4658
0.47889,0.51545
0.16267,0.18944
0.35044,0.28721
1.3784,5.4316
0.56444,1.6136
0.19894,0.36854
0.68762,0.98043
0.8398,2.4933
1.089,1.3434
3.3069,7.2244
0.74392,0.89932
0.39783,0.25166
0.35139,0.27698
0.48467,0.53216
0.49548,0.60231
0.96102,3.3271
0.63825,0.92378
0.21548,0.23588
0.45081,0.65275
1.9891,6.3729
1.1918,2.5876
0.70683,0.88708
0.61038,2.0311
0.25366,0.37483
2.6396,6.3356
0.45132,1.0793
0.42518,0.85621
0.64866,0.8032
0.28902,1.6908
0.68449,1.0069
0.44043,0.83886
0.23332,0.23407
0.79145,0.99257
0.5208,0.59818
0.048148,0.053137
0.53204,3.0077
0.60268,0.59554
0.64523,0.65062
0.11785,0.41148
0.46462,0.74639
0.77044,1.6439
0.47384,0.49502
0.8313,1.2836
1.4624,2.3698
0.30898,1.4595
0.71249,0.81979
0.6319,1.2587
0.47422,1.4564
1.2401,1.7759
0.47137,0.96644
1.3399,2.0142
2.1666,4.5423
0.17377,0.17625
0.62846,0.68381
0.29547,0.24014
0.81634,1.8477
0.70745,1.1029
0.92651,0.97789
0.25808,0.65288
0.54492,2.6353
1.8401,2.673
1.5456,6.5481
0.18856,0.15538
0.55581,1.1669
1.1271,1.9263
1.7971,2.6194
0.70875,1.9247
0.8514,1.253
0.74237,1.3033
1.3776,1.8753
1.2975,6.4854
1.1549,2.047
1.3942,2.3157
1.5348,3.1016
0.024811,0.15436
0.46827,0.60947
1.2103,2.0016
0.73124,0.82288
1.0363,1.7968
0.74149,2.3682
1.0913,3.5188
1.4107,2.7828
1.5701,2.2803
0.45592,0.62769
1.4889,3.048
2.0693,4.0004
0.38755,0.58549
0.29149,1.0274
0.54638,2.0433
1.207,1.3877
0.33887,0.2603
0.79845,1.5191
1.5707,2.2627
1.1631,1.5604
0.80689,1.0407
1.474,1.811
0.29759,0.19575
0.28105,0.7759
0.49344,1.3566
1.6935,3.6464
0.43377,0.7237
0.53906,0.58641
0.8989,1.1314
0.2728,0.14709
0.30731,0.72211
0.094343,0.12123
0.53482,0.81042
0.45703,1.0324
2.2488,7.8557
0.23392,0.47274
2.0328,5.7965
0.44879,0.52695
2.4806,5.9253
1.2003,1.5017
1.1137,3.0073
0.36384,1.5333
0.48367,1.0646
0.15249,0.49453
0.73965,0.67335
0.34053,1.0893
0.25035,0.20085
1.2148,2.035
1.1049,1.5103
0.85696,2.3235
0.8688,1.877
0.11034,0.21122
0.090513,0.15655
0.25758,3.4785
0.59961,0.77856
0.58973,1.8854
0.1399,0.23564
0.73775,1.567
0.77261,1.8935
0.82083,8.8125
0.488,0.60247
2.1719,3.2534
0.1771,0.65598
0.53789,1.0178
0.23647,0.58351
0.44054,2.3197
0.32324,0.22875
0.70658,1.4088
0.20266,0.32798
1.0686,2.3755
1.754,4.8384
0.22124,0.8398
0.7419,1.8667
0.94215,1.9784
0.49331,1.1173
1.1145,3.0376
1.239,5.5564
0.44238,0.42201
0.19959,0.1929
0.69656,0.75804
0.29848,1.0833
0.89693,1.0832
0.71234,3.2035
1.6405,2.9863
1.2861,1.9724
0.61458,1.0649
0.30394,1.3915
0.49973,0.54252
0.19103,0.25502
0.83784,2.2036
0.37081,0.38192
1.6561,5.3814
0.53496,0.60201
0.71182,0.66162
0.35154,0.81164
0.30381,0.85561
0.66142,1.3423
0.27318,1.5685
0.20959,0.097319
0.72039,1.3304
1.2823,3.5886
0.40522,0.57816
0.55243,0.98932
0.17856,0.16935
0.41221,0.35173
0.36336,0.47752
0.75113,2.1362
0.72228,1.9699
0.39002,0.38241
0.77586,1.2338
1.0735,1.5567
0.38348,1.074
0.83085,2.1184
2.4743,5.1833
1.8394,4.2925
0.75363,1.2694
0.57268,1.7626
0.36269,0.90292
0.48871,1.0583
0.45068,0.91881
0.27505,2.3895
0.17523,0.34926
2.6465,4.9134
0.58759,2.7944
0.6119,0.90956
1.8402,3.0621
2.1152,3.7577
0.16799,0.29447
1.7898,3.6599
1.5987,2.3567
1.3147,1.7354
1.2376,2.2138
0.31069,0.5971
0.32072,0.70558
0.82833,1.9854
2.4791,5.288
0.47107,0.85474
0.24522,0.61736
0.55218,0.68181
0.9186,5.1576
0.79261,1.0037
0.71703,1.1397
0.23123,0.51066
0.74763,1.6741
0.34749,1.266
4.7507,10.494
0.54263,1.3989
0.68445,3.4206
0.56129,1.4751
0.71687,1.7961
1.7181,2.9867
0.63165,0.50809
0.32551,0.80637
0.86397,1.8976
0.19821,0.27791
0.31204,0.8123
3.8549,12.746
0.69837,1.7676
1.2818,7.0982
1.0909,1.4645
0.37224,1.3389
0.57484,0.8766
0.52884,2.6679
0.18174,0.93942
1.0205,1.856
0.18258,0.85281
0.32295,0.31617
0.51473,0.40139
0.36728,0.89894
2.9817,6.2595
1.4143,5.7632
0.1807,0.69593
0.3372,0.22866
1.7827,2.534
0.48159,0.77723
1.5405,4.407
0.4491,0.64997
0.83375,1.4931
1.3869,4.7592
1.9209,4.5221
0.78213,0.84361
0.17208,0.17202
0.50409,0.45082
1.0252,1.1364
0.87502,1.4673
0.65962,2.1677
0.64797,0.57972
0.44271,0.35237
0.20733,0.44936
0.10859,0.48908
0.24231,0.49144
0.77651,1.2451
0.81586,1.6458
0.35532,0.26961
0.55091,0.5439
0.44528,1.6863
0.50256,0.42209
1.4628,2.448
0.31157,1.1023
0.16737,0.34708
0.21071,0.6473
0.19673,1.5204
0.25632,0.44885
0.58577,0.54413
1.0753,1.1493
1.3369,1.6539
0.96164,1.278
0.59648,1.2026
1.4105,3.2532
0.60062,1.1651
0.93737,2.243
0.48232,1.0909
0.83503,1.9258
0.50399,0.96164
0.42505,0.80345
0.76127,1.7682
0.83733,1.5611
0.97078,1.3517
0.44211,0.4903
1.088,3.1953
1.0788,2.8398
0.4422,0.73749
0.9663,1.313
0.64924,0.60857
0.56266,0.53461
0.7503,2.377
1.336,3.0897
0.48612,0.63528
0.43277,0.57335
1.0351,1.36
0.22199,0.35342
1.0881,1.3237
1.1384,2.4995
0.61955,3.2865
1.1429,2.3868
0.29435,1.0573
0.4642,0.64065
0.28922,0.31475
1.6025,3.9095
0.46301,0.49843
0.20656,0.36579
0.39368,0.88259
0.84432,2.1027
0.21298,0.35318
0.28348,0.26571
1.9899,4.0769
1.4624,5.5222
0.15437,0.60128
0.76094,1.1672
0.91861,1.4049
0.3511,0.43354
0.18991,1.5607
0.82005,3.0483
0.083222,0.11333
0.22116,0.61254
0.14483,0.18444
1.05,2.2753
0.68833,2.219
0.9428,1.0604
1.0896,1.2879
0.2514,0.54614
0.36608,0.47297
0.16507,0.1164
0.75704,0.95977
0.67617,0.59277
0.6815,0.71617
0.96502,3.5451
0.3969,0.60518
0.48626,0.85544
0.22796,0.13259
1.463,3.1255
0.77464,0.91716
0.25507,0.32363
0.18241,0.32456
1.3805,2.5778
0.46051,1.1773
0.25256,0.28594
0.57554,1.3556
0.74282,0.96966
0.82524,2.0074
0.37728,0.24214
0.97873,2.5705
0.50181,2.7937
0.36707,1.5577
1.8723,3.3138
1.2297,1.8169
0.41177,0.40686
0.46368,1.5395
1.1374,3.0112
0.262,0.22888
0.48949,0.39155
0.77175,1.3198
0.47669,0.43353
0.22034,0.55379
0.3752,0.54562
0.035282,0.16885
0.47667,1.2888
0.97399,1.5215
0.45419,1.4018
0.74318,3.2926
0.48984,0.72133
0.7241,0.70051
0.77767,0.70353
0.35275,0.63435
0.72953,1.7945
0.18689,0.16943
0.53692,0.56889
0.16715,0.31006
2.6674,6.86
0.82691,1.6128
0.5358,0.97571
2.7223,12.229
0.21528,0.11597
0.43166,1.7434
1.3524,2.5437
0.23323,0.53473
0.19265,0.35535
0.80786,1.0074
1.0658,4.6076
0.063895,0.12071
0.32681,0.48784
1.7161,2.9492
0.3791,0.44925
0.6117,1.5879
0.66276,2.9967
0.29621,0.17063
0.98135,1.142
0.148,0.52328
0.15698,0.53212
1.6434,11.525
0.33013,0.73135
0.59771,0.48935
0.47352,0.53195
0.6699,2.2154
0.77605,1.5763
1.9226,8.033
0.1587,0.25898
0.6493,1.5775
0.54543,1.0116
0.32222,0.30007
0.49728,0.84113
0.29414,0.75041
0.22343,0.19562
1.8846,3.8297
0.28331,0.51938
0.49107,1.2381
0.52826,0.59942
0.37454,3.6205
0.24764,1.5778
0.31224,2.2308
0.36368,0.41137
1.3088,1.5178
1.1406,1.4946
0.53752,0.49658
1.3716,1.7567
0.41815,0.36386
2.7795,6.7257
0.3853,0.56822
1.2448,5.5404
0.37851,0.34298
0.40655,0.84647
0.25369,1.2051
0.32635,0.38004
0.75848,1.2282
0.85901,1.2412
0.52395,3.0579
0.41084,0.54087
0.16252,1.2519
0.68822,1.8718
2.703,6.1423
1.5935,7.5394
1.5071,3.3291
0.32615,0.48508
0.16814,0.10798
1.5281,1.9449
1.1296,1.9727
1.0534,1.8368
0.32307,0.25587
0.45202,0.35499
0.92663,1.5462
0.18993,0.1161
0.8631,1.5746
1.6395,2.7821
0.20388,0.72903
0.99238,1.9181
0.94704,1.3352
0.13576,0.55845
1.4003,5.8542
0.88295,3.7321
2.0286,5.2337
0.71911,0.64732
0.50054,1.6798
0.97212,2.2809
0.46482,1.1871
0.45354,0.43061
1.1975,2.8613
1.5456,2.0766
0.93052,1.3093
0.16956,0.19292
1.3471,8.4561
1.0278,2.2337
0.92141,2.719
0.32094,0.24031
0.19269,0.71874
0.28401,0.52612
0.44647,4.7883
1.2099,1.9656
0.63907,0.85003
0.39756,0.26992
0.32115,2.001
0.25573,0.31853
0.34149,0.53333
0.5042,0.9886
0.53329,1.3805
0.63345,2.5003
0.80289,0.91768
0.29867,0.51536
0.33149,0.5209
0.27494,0.20624
0.48992,2.515
1.0293,2.1412
0.42442,0.56155
0.26041,0.90994
0.36981,0.41754
0.16507,0.11727
0.29255,0.37818
0.4458,0.4568
0.49062,2.7611
0.37665,0.53443
0.34764,0.70152
1.1447,2.3866
0.60816,0.92151
0.69961,1.9607
0.87898,2.4143
0.26913,0.41111
1.9381,4.504
0.29709,1.1855
0.10564,0.065852
0.87336,1.5841
0.47079,0.5813
0.61133,0.6554
1.1069,1.6875
1.0536,1.3954
2.1962,10.95
0.43622,2.309
0.3637,0.77497
1.2702,1.689
0.10727,0.2158
0.95375,2.6413
0.98637,1.8416
0.81454,1.3189
0.13442,0.54826
0.36954,0.68785
0.80494,2.3657
0.12709,0.34124
0.55489,2.4342
0.70156,3.8879
1.4276,5.3344
0.7119,1.8859
0.32784,1.2421
0.3878,1.2183
0.36995,1.0683
1.492,7.7873
0.63569,0.61063
0.716,0.96973
0.51012,0.4202
0.54245,0.68763
1.3587,3.9137
1.7766,2.3766
0.28133,0.19335
0.29309,0.21088
0.83128,2.1189
1.7043,4.5071
2.9674,5.6572
0.22856,0.17166
0.40632,0.25944
0.1195,0.18269
1.7137,2.2932
0.24857,0.63635
1.658,11.192
0.67158,3.8907
0.11657,0.086659
0.33646,2.4825
0.076942,0.19276
0.5426,0.44122
2.9242,7.5618
1.2196,1.4176
0.30393,1.3282
0.29975,0.35319
1.2831,4.3673
1.6804,3.2387
0.86472,1.9413
0.37085,0.52439
1.8804,4.0176
0.11552,0.049728
0.63021,1.4861
0.35053,0.29814
0.16877,0.11144
1.2968,3.6499
0.25104,0.48094
0.092578,0.30279
0.091738,0.31818
0.71226,2.0859
0.27349,0.8547
0.58494,0.58016
0.25098,0.28938
0.43581,0.5798
0.46822,1.7931
0.17838,0.37288
0.55279,1.0857
0.15451,0.2253
0.11191,0.093155
0.36028,0.35797
0.55644,2.9163
0.62881,0.81866
1.3049,3.3972
0.88957,1.1553
0.79513,0.92217
0.25751,0.69139
0.51344,3.8814
0.29422,0.48001
0.23908,0.40632
0.66294,1.9497
0.63329,0.74289
0.87708,2.1645
0.2886,1.6927
0.40845,0.3115
0.44568,0.97684
0.90145,0.96887
0.77772,1.228
0.63721,2.2839
0.10819,0.13368
0.97785,4.0498
2.8988,4.9993
0.53105,1.1547
2.3882,7.9736
1.1392,1.3285
5.0816,11.458
0.12627,1.4391
0.12072,0.11406
0.49514,0.9438
1.0811,1.1831
1.8462,3.4079
0.67881,1.1989
0.63318,1.2978
0.16443,0.098565
0.2989,0.37218
1.7744,2.7471
0.10438,0.48819
0.33739,0.91655
0.38192,0.48764
0.39425,0.44234
1.3732,1.7396
0.49128,0.36952
1.0961,1.2477
0.51727,0.73297
0.41868,2.0588
0.44996,0.61058
0.1598,0.68548
0.75062,0.8852
0.15365,0.24712
0.35734,1.0671
0.99266,5.7537
0.34991,1.4657
0.85356,1.6339
0.65359,7.5889
0.22823,0.83802
0.43487,0.91688
1.333,2.6329
0.53146,1.9622
0.59059,0.884
0.58664,0.59001
0.41868,1.91
0.34727,0.5343
0.92077,1.8653
0.76977,0.72571
0.52295,0.42889
0.61435,0.86812
0.46234,0.71879
1.232,1.57
0.62525,1.2311
1.1386,2.3848
0.33531,0.29729
0.63846,3.5027
0.62535,0.50258
1.2225,1.8787
0.61565,0.67672
0.91518,0.98456
1.0683,2.2493
0.84538,1.0854
0.28663,1.0201
1.4748,7.7962
1.6977,3.5984
1.8111,2.8379
0.96418,3.7385
0.73389,1.0451
0.17242,0.22529
0.71574,1.4615
0.82219,1.1278
0.62927,0.9665
1.0027,1.3676
0.15438,0.18249
1.0094,7.8745
0.282,0.30372
1.5399,2.7885
2.7297,5.0608
0.87512,6.6264
0.42458,1.7407
0.33071,0.2736
0.80464,1.1469
0.63852,3.032
0.49678,0.80956
0.92408,1.9278
1.2807,1.6974
1.855,3.5073
1.1838,2.8157
1.4466,5.5789
1.2899,5.8684
1.1434,1.3081
0.17826,1.2351
0.57161,1.1553
0.072438,0.11389
0.81383,0.85034
0.44848,0.45133
0.24021,0.91496
0.36641,2.1542
0.19598,0.23768
0.32102,0.54543
7.5569,25.781
0.15478,0.27689
0.96432,1.1942
0.19214,0.13269
2.959,9.8683
0.35926,0.41783
0.42383,0.70898
1.3441,3.0511
3.9698,11.273
0.94834,2.3849
0.26644,0.71128
0.63347,1.1946
1.1546,1.9948
1.0396,1.325
0.39549,0.45552
1.038,1.4376
0.30128,0.49435
0.37168,1.6581
0.58045,0.84027
0.13874,0.24543
1.2461,1.7231
0.50799,1.1806
0.23049,0.80253
0.28717,1.5714
0.71105,1.4814
0.64364,1.6043
0.69976,1.3877
0.74261,1.6494
0.20906,0.26528
0.25382,0.5066
0.09436,0.32119
0.33743,0.60783
0.38737,0.50311
0.78307,0.86318
0.79596,1.5723
1.2862,1.5329
1.7527,4.0146
0.79185,1.8911
0.89497,2.5847
1.0695,1.1802
0.41755,1.8747
1.1089,1.7773
0.627,1.2769
0.86068,1.1957
1.9591,4.7764
0.77441,1.802
0.3444,0.50983
0.79218,1.0885
1.7712,5.2406
0.51307,0.75445
1.3522,1.7693
3.8151,8.7062
1.2288,1.8155
0.74443,3.453
0.23901,0.91288
0.366,0.70038
0.25813,1.3508
0.22223,0.26598
1.3708,1.6169
0.41871,0.33082
0.84842,1.4066
1.0292,5.2022
0.88666,1.2131
0.5718,2.4035
0.11021,0.51786
0.089378,0.50482
0.42277,0.44789
0.48474,1.0503
0.82892,1.7291
0.61504,2.9033
0.67185,0.73375
0.75932,1.779
0.2202,0.71315
0.51848,0.45007
0.17011,0.11374
0.2115,0.22992
1.3177,3.9012
0.11007,0.35034
1.4468,2.0951
1.864,2.9451
0.51604,1.383
0.28175,0.17437
0.2951,1.5349
1.0518,2.0185
0.76338,1.0156
0.48295,1.0007
0.62286,1.8943
0.21769,1.1639
0.17545,0.53487
1.0568,1.3087
0.28127,1.4343
0.10043,0.27777
0.58391,0.68322
0.66175,1.0678
0.50216,4.9019
0.36787,1.2884
0.57301,0.52453
0.94942,1.7769
0.16312,0.91505
0.65415,1.4249
1.3971,3.6771
1.6033,2.0581
2.2557,3.6786
0.37678,0.41867
0.54212,0.74949
0.37313,0.50711
0.20716,0.52459
0.371,0.78557
0.1469,1.3663
1.3676,5.1905
0.97835,5.0394
0.092557,0.21112
0.50487,0.67283
0.27277,0.15911
0.095891,0.089619
0.87044,3.4361
0.71381,0.67314
1.7292,2.7751
0.41551,0.37749
0.75695,0.95176
0.71498,0.6173
0.10739,0.85199
0.13201,0.059042
0.20827,0.10034
1.5534,2.4323
0.45928,0.31388
0.27724,0.18924
1.482,3.0979
0.59822,0.66708
0.95073,1.1417
0.63757,0.8967
1.1664,5.5567
0.41071,0.86413
0.20605,0.21371
1.1022,1.8749
0.21593,0.78882
0.98089,1.0621
1.3739,5.3477
0.37401,0.30772
4.0693,13.363
1.115,2.0047
0.55346,1.3186
1.9125,7.953
0.85465,0.8719
0.2,0.32609
0.34424,0.9242
0.95323,1.1672
0.42404,0.58685
0.59575,1.0836
0.63682,1.3955
0.41427,0.5668
1.1701,1.902
0.42394,3.7436
0.55372,2.0663
0.24172,0.41544
0.12775,0.19773
0.67709,2.199
0.45291,0.51118
0.37069,0.3943
0.5287,0.99146
0.54659,1.0056
1.2591,1.4626
0.85311,7.428
0.35047,0.3848
0.38378,0.47695
0.97452,1.5162
0.71808,4.0391
0.83574,0.98809
0.80951,1.4364
0.26426,0.34332
0.2574,1.0315
0.78231,0.74228
1.119,2.4261
1.0583,1.6759
0.55842,1.1503
1.5297,1.9981
1.1638,1.8201
0.38977,0.26574
0.80946,1.2479
0.37687,0.37946
1.1581,1.5437
1.0733,1.6288
0.23513,1.1989
1.2092,1.3939
0.3007,0.67729
0.26238,0.78281
0.38714,1.396
0.35633,0.62014
0.85026,0.87983
0.51695,2.4213
0.059107,0.01845
0.50262,1.6475
0.70531,4.0549
2.08,4.4022
0.84011,2.3723
0.78508,0.93979
2.3711,5.5169
0.28904,0.43099
0.71785,1.1967
0.25686,0.54937
0.80347,1.4821
0.49484,0.53998
0.38002,0.32285
4.4254,9.4773
0.42682,0.85852
1.0333,2.9377
0.16517,0.11471
0.45331,0.39305
0.48523,0.37657
0.33195,0.87754
2.1872,3.3821
1.0953,1.9832
0.81193,1.4624
0.68599,4.1621
0.18808,0.19588
0.36625,0.27511
0.66424,0.83928
0.71006,1.2512
0.26976,0.4047
0.39916,0.38478
0.76071,1.6541
0.66682,0.69402
0.60915,1.0501
0.051894,0.057543
0.11709,0.23581
0.54474,0.84999
0.16022,0.47174
0.94939,1.504
0.99313,7.0326
0.3801,0.29196
0.095359,0.77932
0.71242,2.717
0.36968,1.6034
0.11564,0.51378
0.69375,1.5231
0.33053,0.43979
0.3291,0.4008
0.62913,0.84781
0.38128,1.1985
0.22556,0.45898
0.98979,2.1743
0.91566,1.0262
1.7591,2.5435
0.66693,0.57802
0.42294,0.46457
0.38268,0.79802
0.11517,0.27426
1.1155,1.9557
1.3218,4.4898
0.37661,0.31794
0.93818,2.7187
0.46349,0.59924
1.9117,8.6096
0.47997,1.0161
1.1191,1.9233
2.0023,6.3042
0.46198,0.43307
0.79382,1.2162
0.88043,4.6591
0.79994,4.4732
0.64856,1.2926
1.1682,4.2574
0.49282,1.7294
1.2195,3.2524
0.58424,0.95963
0.27559,1.6893
0.10674,0.19737
0.15841,0.29197
0.26669,1.5679
0.69373,0.85011
0.67397,1.264
1.6325,10.53
0.63533,1.3175
1.5662,2.1057
0.6038,0.52212
0.057631,0.64722
0.57216,1.8804
0.95946,1.5072
0.24833,0.83402
0.40597,2.3598
0.56064,0.57992
1.572,3.6186
0.80804,2.0872
0.1247,0.28262
0.35811,1.3944
0.83313,1.6493
1.3594,4.6642
1.9122,3.498
2.7336,6.1237
2.0097,4.6436
0.4017,0.76186
1.5366,2.3983
0.12615,1.0592
0.38599,2.431
0.45616,0.76419
0.54204,2.3944
0.97009,2.507
0.55712,0.67025
1.1186,3.1488
0.1895,0.12272
1.4194,1.8296
0.92684,0.93801
0.92589,1.735
0.39891,1.541
0.72781,0.95966
0.35983,0.49461
0.26688,1.9863
1.4902,2.0854
0.23336,1.2555
1.1138,1.3736
1.3246,4.4946
0.32637,1.4033
2.9461,12.453
1.8718,10.916
0.20282,1.3745
0.40096,0.98321
0.4537,0.327
1.3756,2.5492
0.97001,2.083
0.63996,0.71048
0.56295,1.3981
1.215,4.1197
0.25129,0.90635
0.37346,2.2982
1.5706,3.178
0.24735,0.17585
2.9052,11.641
1.6183,6.4591
0.24644,0.19926
0.47815,0.63265
0.63983,1.1656
1.0039,1.1389
0.64389,1.3636
0.4454,1.4724
1.1398,4.3607
0.38903,0.64027
0.46473,0.92694
0.18193,0.37793
0.26067,0.1924
0.41399,1.0888
0.65115,0.89778
0.29464,0.87109
0.31802,0.50997
1.713,2.9608
0.35714,0.43716
0.13234,0.24314
0.42277,1.8403
0.80316,0.78257
1.7188,2.9128
2.0475,2.932
0.77855,0.69637
0.20744,0.23116
0.80508,1.3318
0.41415,0.52137
0.53818,0.79275
0.19836,1.4399
0.65531,2.37
0.12235,0.79128
0.60455,0.63726
0.5187,0.55458
0.39171,0.80626
0.27892,0.22517
0.35224,0.42448
1.1248,2.1287
0.37462,0.47989
0.11714,0.35889
0.2565,1.2489
0.11617,0.17399
1.1079,1.7012
0.096595,0.13733
0.26427,0.63385
0.46371,0.80048
0.15397,0.11412
0.32109,0.42956
0.46541,0.63509
0.52014,0.46928
1.7969,2.6259
0.60027,1.9134
0.48872,0.52238
1.0053,2.4805
1.4857,4.3452
0.25772,1.3378
1.9777,6.2377
0.66283,4.3373
1.3436,6.3631
0.38556,0.31235
0.38486,0.61855
0.10415,0.84064
0.68889,1.5891
0.43449,0.98612
0.90802,1.2144
0.67936,0.87003
0.59306,0.53289
0.88303,0.92151
0.88919,1.0347
0.12838,0.3275
1.1118,1.2711
0.13814,0.2972
0.8537,1.1059
0.9748,3.3701
3.1673,6.5544
0.25078,0.44372
0.78689,0.79811
0.62431,0.81969
0.41669,2.0635
0.28627,0.52039
0.3609,1.0257
0.44328,0.53933
0.26587,0.34068
0.45207,2.2328
0.39925,0.52773
1.0194,1.1954
0.1776,0.20764
0.36851,1.7662
0.1642,0.44947
0.85746,1.4757
1.8008,3.1772
0.78101,0.71698
0.85136,2.2027
0.35767,1.0985
0.89026,1.2648
1.0092,1.588
0.39944,0.25737
0.87571,1.6472
0.31353,0.53275
1.3628,2.2664
0.42671,0.47421
0.28157,0.35335
0.65477,1.5308
0.37285,0.42686
1.4114,4.4307
1.0808,1.3907
0.64497,2.801
1.1529,3.7906
0.85848,3.0869
1.281,2.3808
1.3464,2.3956
0.59884,1.1444
0.20829,0.7239
0.61384,3.837
0.57242,1.0832
0.29247,0.55611
0.38276,0.9794
0.60267,1.3496
0.50836,0.36518
0.20534,0.27441
0.49793,0.67289
2.085,4.9963
0.32687,0.93435
0.59145,1.4678
1.1714,16.195
0.32201,0.93064
0.26175,0.23513
0.53797,2.7333
0.59807,0.6441
0.61314,0.56944
1.3352,3.3495
0.11362,0.13771
0.66372,0.79292
0.66433,0.56301
0.52869,1.4099
0.82264,1.381
0.31588,0.88074
0.50856,0.44407
0.53091,0.58821
0.33836,0.71049
0.34649,0.8683
0.58992,2.1248
0.26091,0.16755
0.99697,2.5578
0.39559,1.4158
1.23,7.0482
2.6176,4.7948
1.4537,2.6685
0.50169,3.7592
2.3324,4.0757
0.26996,0.38443
0.35938,0.94006
1.2307,6.1191
1.9252,2.6977
1.493,3.8096
0.75117,1.2546
1.1669,2.6425
0.8342,1.8246
0.88524,1.0016
0.47929,0.34056
0.67949,1.7899
0.53436,2.0476
0.072452,0.30965
0.43234,0.53001
0.47921,0.87686
0.17426,0.21176
0.14338,0.4861
2.0976,3.2636
1.2311,2.077
0.43893,0.73893
0.22178,0.12746
2.4749,9.4693
0.46448,0.43832
0.76687,1.8547
0.64417,1.0431
0.47597,1.614
0.34347,1.1123
0.44655,0.68144
0.66452,0.91858
0.51168,0.37771
0.11741,0.51837
0.20876,0.37341
0.30289,1.1766
2.5185,6.5122
1.0443,1.1211
0.38158,0.59644
0.30822,0.68534
1.1075,1.8217
0.69067,1.1243
0.16654,0.34802
1.739,4.6649
0.78798,0.81704
0.8368,3.5124
0.18026,0.13466
0.72705,0.96937
0.35555,0.71694
0.21118,0.20794
0.88465,1.156
1.1488,1.3962
0.28288,0.30286
0.17548,1.8623
1.4905,2.4911
0.88079,1.818
0.52374,0.71695
0.56453,1.2503
0.26942,0.80965
1.149,2.0219
0.38932,0.25313
0.57154,0.8294
1.2184,1.691
1.9263,2.9818
0.54617,1.8952
0.39413,0.87689
0.11446,1.5266
0.34049,0.26914
0.7568,1.2707
0.47046,2.0041
0.2918,0.35009
0.31976,0.56498
0.35039,1.3505
0.17409,1.0208
0.68342,0.75919
1.6952,2.6338
1.017,1.1383
0.11427,0.22142
0.89309,2.5577
1.2518,2.6831
0.85755,1.5173
1.1951,1.5453
0.33927,1.0444
0.38691,0.39148
0.91818,2.3897
0.17332,1.0443
0.62592,1.8431
0.98269,1.9365
1.5256,2.0622
0.56759,1.1244
0.57337,0.85909
0.57715,0.53232
1.1877,4.8223
2.3562,5.1996
0.3765,0.56569
0.7501,0.99541
0.80723,6.2016
0.092184,0.79588
1.3279,5.2344
0.17077,0.28658
1.5339,5.7638
0.26378,0.42306
0.29658,0.3273
0.16754,0.16643
0.1546,0.092924
0.268,0.38723
0.71618,1.3057
0.23539,0.57575
0.067317,0.1908
0.6445,0.53133
0.29598,1.0761
0.27682,0.38253
0.47461,0.63684
0.85332,1.9256
0.34806,0.6946
0.075783,0.27709
0.26718,0.78898
1.3247,2.1055
0.43494,0.41792
0.61094,0.60028
0.49836,1.0538
0.16897,0.64645
3.2125,6.2755
0.161,0.15338
2.6857,10.89
1.4545,2.2939
0.56035,2.2952
0.91814,1.6162
0.36915,4.4395
0.76576,0.73804
0.94356,2.2525
0.71773,0.77942
0.91761,2.054
0.31145,0.44633
0.79958,1.0678
0.21702,0.61188
0.68632,0.7964
1.0233,1.066
0.40612,0.73459
0.84436,1.281
0.31342,0.26846
0.49075,0.87612
1.1861,2.285
1.0308,1.4238
0.62299,1.4651
0.54389,1.105
1.0815,1.247
0.13785,0.112
0.49832,0.96811
0.19328,0.25059
1.673,2.2171
1.2942,3.3423
1.4112,1.9261
0.2424,0.34213
1.0389,1.9825
0.53834,1.5268
0.28544,0.38286
0.77856,0.86965
1.5171,2.6531
0.094047,0.083649
0.65419,1.0511
0.76633,2.3193
0.4828,0.37235
1.2512,2.4085
0.87543,2.1241
2.6785,5.4012
0.29634,0.44573
0.35263,0.58608
0.091767,0.37039
0.60499,2.4234
0.64157,0.84931
0.74209,0.84692
1.1438,2.1896
0.56542,1.4301
0.63774,1.0542
0.76215,1.1491
0.24926,0.23441
0.78785,1.1537
2.0886,30.488
1.8431,3.5845
1.9247,2.862
1.3168,5.7468
1.081,1.5227
0.63094,0.74849
1.5328,3.1251
0.15334,0.32574
0.67629,0.69334
0.53823,2.4341
0.24006,0.49148
2.6012,5.9457
0.14262,0.12025
0.89669,1.9853
0.57534,0.70926
0.058973,0.22644
0.24895,0.24591
0.4027,0.45695
0.3991,1.6918
0.72446,1.0156
0.23022,0.13202
1.6514,6.6262
0.07203,0.28717
0.41008,0.5072
0.6704,1.4546
0.25919,0.25458
4.5511,11.019
0.25548,0.43088
0.38814,0.59967
2.1617,8.3979
0.26804,0.32274
0.2938,1.2274
2.4446,4.0258
0.98645,1.9213
0.66361,1.1013
0.24093,0.7923
0.71723,3.0001
1.652,2.7376
0.083508,0.13487
1.7886,7.3435
0.55472,1.1598
0.9597,1.905
1.3781,3.1214
0.56926,1.1693
0.24488,0.60373
0.19798,0.35954
1.641,2.8825
2.1194,5.9073
1.7617,6.0964
1.6711,3.5154
0.36909,0.23649
0.32596,0.29819
0.54231,2.4453
0.7644,2.3746
0.47258,1.4633
0.57241,2.4529
0.24837,1.2413
0.37941,1.9944
1.3983,2.5107
0.53363,0.65284
0.12898,0.19212
1.7958,4.1686
1.19,3.5427
1.1278,5.8668
0.79964,1.3338
0.4108,0.45088
0.56569,0.53666
0.29457,0.7888
0.32043,0.39154
0.80084,1.1461
1.2325,1.5243
0.47653,0.8646
0.52941,1.2512
0.70433,2.9715
1.0376,2.2549
0.57025,1.0149
0.10096,0.22032
0.25458,0.8007
0.38115,0.57474
1.6157,8.5627
0.059893,0.20062
1.5979,3.354
0.58187,7.5718
0.71089,0.80149
0.23368,1.2475
0.33323,3.9911
0.065432,0.061988
0.211,0.37153
1.0483,1.295
0.26046,2.321
0.16378,0.1697
0.17101,0.35985
1.4176,1.954
1.7874,3.7698
0.31593,0.60401
0.67239,1.2544
0.41806,0.38021
0.066599,0.31634
0.22373,0.94577
0.13917,0.69127
0.94958,1.1273
0.47729,0.56249
1.0529,2.3459
0.43412,0.36635
0.50638,1.2544
0.20449,0.18694
0.55671,0.83617
0.30363,0.27088
1.6143,2.2654
0.59601,1.2941
0.27789,0.29202
1.5648,4.9935
1.5248,1.9805
0.75347,1.7444
0.54542,0.47061
0.5165,0.65722
0.22995,0.19722
0.42652,0.55879
2.4433,5.3317
0.47917,0.7343
0.68893,0.76895
0.10177,0.33453
0.52963,0.75037
0.20303,0.18669
0.61375,0.50095
0.60817,0.60486
0.62308,1.4505
0.48702,1.3865
0.29524,1.5216
0.43616,0.39604
0.24603,0.91738
0.38281,0.51369
0.057955,0.18223
0.080613,0.11104
0.98452,4.9228
0.55587,0.41538
1.103,1.9237
0.7575,0.78884
0.19201,0.45634
1.9759,9.9195
0.37441,0.72074
0.37572,1.5673
0.30503,1.1491
0.95348,1.7442
0.59208,1.4396
0.66381,0.87455
0.27994,1.1381
0.21173,0.61923
0.99208,1.4399
0.46783,0.84001
1.2477,1.8405
0.37882,0.82279
0.18677,0.13147
0.70702,2.5596
0.23627,1.2206
0.081536,0.062034
0.46253,0.46617
0.46087,0.40255
0.25948,0.2796
0.88832,1.0345
1.1673,1.5198
1.3623,2.5585
0.25463,0.56958
0.10469,0.093167
0.16869,1.3213
0.52633,0.71135
1.0448,3.9853
1.1347,1.3684
1.2143,1.9378
1.9175,8.161
0.24797,1.3101
1.7819,2.3826
0.6324,0.9266
0.17694,0.14758
0.62595,0.55378
0.51171,0.92901
0.61501,0.75771
0.80992,0.8086
0.95567,2.0426
0.75886,1.5008
0.75474,2.9299
0.58658,0.49896
0.23151,1.4799
0.77909,0.90171
0.068759,0.078953
0.63841,0.889
0.45175,1.1682
0.17846,0.41687
0.90079,0.87269
0.5416,1.6605
0.84721,0.80534
0.66735,0.93466
2.1167,3.9144
0.5337,3.8875
0.19111,0.96562
0.60586,0.74121
1.2235,2.4336
0.33703,0.63063
0.42228,0.4185
0.17882,0.1651
1.2546,6.4371
0.28685,0.66893
0.79313,2.4562
0.38082,0.3057
1.0198,1.3012
0.28399,0.54887
0.2876,0.20543
0.72335,4.9201
0.37198,0.24527
1.6966,2.8764
0.82653,2.507
0.59954,0.82547
0.13517,0.43992
0.41578,0.39128
0.42535,0.48498
0.44761,1.7669
1.5176,4.8125
0.22215,0.73811
2.0559,5.1502
2.8379,6.0971
0.97136,1.1199
0.16141,1.7283
0.5331,1.0859
1.8692,8.2506
0.70135,0.79767
0.50784,0.37631
0.28127,0.38379
0.90965,0.95151
0.11617,0.6842
0.39873,0.26781
0.39739,0.49455
1.4486,2.06
0.75626,0.97234
0.88404,0.8552
1.4201,2.9477
2.4519,4.4276
0.13332,0.45912
0.0935,0.12635
0.97812,1.6605
0.76064,1.5178
1.3304,4.3055
0.52091,1.9164
0.60845,0.56006
0.48982,1.5287
0.20441,2.2478
1.0966,1.9031
0.4648,1.0373
0.71882,1.1084
1.0019,1.9063
1.9365,3.4889
0.92414,0.93423
0.20618,0.41702
1.9216,4.9278
0.35481,0.36655
0.58307,0.94539
0.3721,1.6095
0.97745,1.9734
0.30124,0.76157
0.13021,1.0709
0.27484,0.73522
0.1681,0.34068
1.5784,2.4809
0.3406,1.2301
1.2186,1.4799
1.4102,1.882
1.7412,3.8722
0.15824,0.62275
0.64362,1.5703
0.80579,1.2868
0.44785,0.9234
1.3237,3.5126
0.2695,0.71446
0.37019,0.25484
0.17068,0.19636
0.88136,1.6956
1.5754,2.6018
0.76335,0.75913
0.86404,3.7659
0.39601,0.46772
0.46701,0.89137
0.42274,0.27569
0.71976,0.89311
0.27933,0.49016
0.56619,0.8193
1.2934,1.9022
0.84368,1.2458
0.58828,0.49326
0.68572,1.1597
0.19803,0.68387
0.32967,0.72544
0.33267,0.4978
2.2527,3.7124
0.69986,3.8203
0.91993,3.2436
0.74009,0.89703
0.79813,1.973
0.33451,2.3836
0.37736,0.57804
2.36,8.2852
0.62611,0.79412
0.45105,0.54606
1.8163,3.333
0.34409,0.48296
0.2201,0.4244
0.38337,0.36353
0.35717,1.8205
0.4008,0.67774
0.88334,1.6744
0.70738,0.65671
0.72703,0.93198
0.63112,1.6913
6.9348,32.136
0.21232,0.54349
0.27976,0.53108
0.20524,0.39698
2.1273,3.6519
1.2593,2.4998
0.3814,0.23597
0.47671,0.77072
0.58903,1.0402
0.87195,1.8621
1.2336,1.5893
0.51141,0.6292
0.52601,2.1825
0.19177,0.32535
0.23249,0.19026
0.72452,1.1193
2.9124,5.0134
1.3424,2.2415
0.19563,0.34337
0.6233,1.8308
0.4029,0.45857
0.56564,0.95084
0.54074,0.52879
0.49068,0.75923
0.51794,0.73095
1.2953,2.1741
1.1623,1.458
0.77244,1.2713
0.57962,1.679
0.79489,1.4193
0.48086,1.1326
0.27968,1.9861
0.57853,0.44948
0.23131,0.49881
0.35647,0.24093
0.96666,1.1013
0.64112,0.9265
0.61531,0.53166
0.065031,0.33297
0.35717,0.50352
0.38806,0.62435
0.19838,0.83749
0.78446,0.76606
2.1815,5.8001
1.0964,3.6179
0.24781,1.9686
1.5991,2.0376
1.1816,1.7841
0.3684,0.55525
0.93584,1.0814
0.25304,1.2359
1.551,4.6325
0.50156,1.0274
0.12907,0.196
1.5356,4.5103
0.38694,0.83538
0.31448,0.33253
0.88335,2.6075
0.46713,0.7111
0.25731,1.161
0.27098,0.28371
0.36073,0.41297
0.51798,1.3119
0.45079,1.5616
0.10811,0.26248
0.65471,1.3693
0.60632,0.86398
2.8469,6.5394
0.41474,1.4445
0.5308,0.53869
1.068,1.8937
0.43204,0.49773
2.4454,7.1672
1.0807,2.3337
0.64653,0.98721
0.72585,1.4165
0.3891,0.55964
1.784,2.4969
1.5323,1.9563
0.31019,2.5283
0.28112,0.48325
0.92027,1.1248
0.71513,2.34
0.55768,1.5524
0.68484,0.96945
1.1714,1.3035
0.048229,0.30665
0.34933,0.85508
0.95341,1.4722
0.14264,0.22692
0.73815,0.77537
1.1489,1.2435
1.8794,3.7108
0.53712,0.99715
0.61152,0.83684
0.292,0.3636
1.8524,9.6977
0.35345,0.91166
0.47618,0.75437
0.34036,1.0585
0.70821,1.7987
0.4505,0.8574
2.5815,7.6889
0.96938,1.8442
0.20991,0.43952
5.8458,19.12
0.66631,1.488
1.1889,1.5871
0.65108,2.164
0.79222,1.2081
1.3109,2.3296
0.39215,0.38892
0.37649,0.4035
0.2696,0.45396
0.52957,0.60126
0.092016,0.1773
0.64965,1.0682
0.51076,0.38707
0.54727,1.0937
1.5874,2.8956
0.18145,0.6276
0.6977,2.3301
1.5634,2.1905
0.64886,1.064
2.9558,9.4936
1.3985,1.7041
1.258,2.0404
1.1277,1.7354
0.22192,0.17671
2.2225,4.5829
2.914,7.1229
0.8184,4.6991
0.57007,1.0335
1.3643,3.5761
0.91015,0.96701
0.18551,0.19117
2.287,3.7027
0.72317,5.6566
0.43944,0.56273
0.68244,0.79909
0.71151,0.65561
0.24516,0.30042
0.416,0.81227
0.55725,0.46875
0.87865,1.0486
0.4017,0.94935
0.33234,0.54805
0.47594,0.99485
1.3409,21.779
0.46611,2.0435
0.35163,0.50162
0.29794,0.91642
0.94301,1.5
0.67403,1.2913
1.439,4.5779
0.1231,0.59006
0.43588,2.8148
0.79368,0.78172
0.85889,3.6412
2.3004,4.0686
0.63419,2.4021
1.1775,1.918
0.18658,0.53212
0.51739,0.42827
0.62317,1.313
1.6644,5.7285
0.8291,2.2837
0.40594,1.0359
0.24795,0.17114
0.42424,0.53136
0.78745,0.76509
0.62898,0.656
0.78788,2.9665
1.1085,5.0765
0.17381,0.14633
0.36858,1.1841
2.1423,4.2022
0.34199,1.0811
0.80263,0.95213
0.95998,1.695
2.3475,5.5584
1.0062,1.3278
0.13348,0.40735
0.14293,0.5274
0.44327,0.61659
0.65446,1.1798
0.14661,0.7451
1.5279,3.5842
0.36103,2.0457
0.6158,1.3147
0.63222,0.50996
1.7149,2.2701
0.4,0.48343
0.46363,1.2679
0.26883,0.32915
0.50471,0.68042
0.16965,1.1192
0.6196,1.3606
0.42032,0.344
2.438,4.0385
0.76378,2.3074
0.94556,2.0647
2.0828,3.5327
0.33204,0.19406
0.33,1.0298
1.23,1.3837
0.16152,1.0278
0.32059,0.36892
0.35055,1.2301
0.91205,1.0731
0.23942,0.48444
0.92248,1.9622
2.982,10.008
0.66659,1.089
0.23928,0.80627
0.59085,0.86887
0.40957,0.89708
0.25717,0.40206
0.16834,0.3911
0.23804,0.16005
0.94375,1.7146
1.4039,2.007
0.74263,0.74086
0.3138,0.81629
1.1834,3.4592
0.35871,0.39764
0.67072,0.63959
1.4641,2.6885
1.5322,3.9336
0.6855,0.83773
0.63587,1.1398
1.112,1.6546
4.1932,11.51
0.63838,1.1877
0.17758,0.31399
4.2999,15.42
0.15132,0.63519
2.7077,4.8463
0.92927,1.827
0.77266,4.1371
0.28901,0.78093
0.17961,0.14348
0.53289,0.5189
0.39665,0.69229
1.5258,2.128
1.051,1.3182
2.415,6.7689
0.49603,0.39796
1.6994,3.9603
0.11231,0.13589
2.1325,4.5411
0.45253,2.2321
0.39002,0.53641
0.63322,0.83752
0.42187,1.2274
2.0059,15.044
0.97992,2.2602
0.22876,0.42415
0.29515,0.31125
0.30708,0.25537
0.19957,0.23527
0.21086,0.14952
0.76868,0.92028
1.7717,5.1636
0.53501,1.007
0.29399,0.57839
0.36622,0.52248
0.31044,1.3436
0.98772,1.1279
0.23799,0.46864
1.49,1.9866
0.53945,0.82925
1.2675,1.64
2.1309,6.0788
0.5893,0.49534
1.4743,5.0872
0.23003,0.31735
1.4738,3.2684
0.47819,2.4152
0.30898,0.6495
0.55003,1.4037
0.20581,0.56175
0.53099,0.60628
0.43895,0.49907
0.29745,0.88187
0.12481,1.1644
0.49102,0.49697
0.22549,0.14597
0.50755,0.88115
0.49617,0.75042
0.97786,3.2006
0.81983,0.82459
0.67475,2.4056
0.58781,0.9661
0.17667,0.35192
0.97466,1.2382
0.19487,0.36178
0.33742,0.50194
0.25931,0.41697
0.57379,3.8343
4.4603,11.954
1.146,1.443
0.45771,1.0898
0.65092,0.84216
0.50629,0.51079
2.2346,4.4781
0.18321,0.17647
0.57591,3.0304
0.68532,0.89843
0.34399,0.26846
0.06375,0.27003
0.77367,2.9307
1.3498,2.4021
1.9639,2.958
0.42153,2.986
0.44475,1.6753
1.3727,1.922
1.3859,6.0236
1.0743,1.6763
0.19474,0.38448
1.1394,1.7977
1.6985,2.7662
0.19301,0.16548
0.11337,0.56473
0.26824,0.66175
0.31207,1.1535
0.42213,5.2323
0.10534,0.33555
1.0314,3.41
0.555,0.57036
0.65848,0.86252
0.59939,0.85607
0.78632,4.084
0.52577,1.7374
0.064729,0.19047
0.12129,0.47745
0.18947,0.53328
0.40722,0.43531
0.56438,0.61113
0.69545,1.7012
1.1577,1.7109
0.5441,1.376
0.59967,1.0022
0.60652,1.0654
0.19145,0.29846
0.36928,0.35166
0.35455,0.26411
0.57814,1.454
0.2595,0.25463
0.29985,0.21839
0.62629,0.74986
2.0192,3.3978
0.5912,1.8544
0.7381,2.4444
0.42851,0.51626
0.47634,0.99028
0.59269,0.99247
0.078935,0.10126
0.39894,1.1358
0.81295,1.157
2.2676,8.8486
2.7737,6.637
0.32543,0.57931
0.15394,1.189
0.2764,0.28742
0.17865,0.50932
0.78988,0.79524
0.11029,0.21541
0.73204,2.243
2.0461,4.3851
0.54374,0.53328
0.78623,1.7102
1.7213,12.086
0.074243,0.40218
0.63329,1.1123
0.57409,0.79491
0.5069,0.45055
1.135,1.4549
0.77712,1.027
0.14801,0.18925
0.49789,0.72207
0.49243,2.0945
0.16804,0.19897
0.54797,0.88662
0.86095,3.1778
0.34052,0.5341
0.74567,1.5212
0.94939,1.097
0.39988,1.3106
1.7927,8.5308
2.3618,4.2908
1.105,2.9976
1.0517,3.5178
0.83846,2.6184
0.25826,0.89035
0.20061,0.71906
1.4735,2.8892
0.38371,1.2536
1.8009,3.149
1.3735,1.617
0.50852,1.3999
0.59395,0.8795
0.50686,0.5367
1.1158,3.0615
0.56221,0.73808
0.41162,0.81219
0.61038,2.0043
0.31196,0.45429
0.35209,0.61303
0.61567,0.51036
0.51504,0.73351
0.87842,1.1282
0.16363,0.40789
0.17769,1.0182
0.77834,1.1643
2.2146,4.7044
1.5378,5.4246
0.53581,0.84145
0.7976,0.77758
0.38602,0.45011
0.86351,0.96723
0.58959,1.3796
0.223,0.6836
0.98767,6.1795
3.3776,26.683
0.41737,0.70652
0.46174,1.6607
0.72096,0.65356
0.52425,2.006
0.28176,0.59691
0.78231,3.0268
0.20244,0.24302
0.20348,0.7083
2.542,6.1513
0.24638,0.34628
0.24478,0.36066
0.71627,0.7024
0.49172,1.3012
0.3012,0.93301
0.44435,2.5246
1.0393,1.996
1.02,4.2782
0.46075,0.4463
1.4806,2.1451
1.4768,3.5892
0.62535,0.63527
0.42171,1.597
1.365,2.3664
2.4786,8.0092
0.47293,0.41703
0.2448,0.15662
0.461,0.63911
0.59584,2.2264
0.98899,1.0299
0.30195,0.34589
0.36261,1.1312
1.2934,1.6326
0.39146,0.45868
0.38067,0.7095
0.12442,0.15278
0.45606,1.1964
0.21147,0.47959
1.0592,1.1131
0.73504,1.2998
0.2055,0.59772
0.80955,3.0561
0.61096,0.47801
0.2105,0.19951
0.24807,0.22701
0.65542,0.61921
0.12344,0.38275
0.2141,0.44952
0.61644,0.77492
0.8475,2.4873
0.50798,1.6564
0.47564,1.0155
4.3745,9.686
0.2127,0.73437
0.48629,0.51218
0.29877,0.40749
0.75757,1.2526
1.1007,1.927
0.38347,0.56785
0.29477,1.3913
0.52776,2.5145
1.0593,3.5609
0.62183,0.69495
0.72058,1.2233
1.4701,2.2464
0.81107,1.0575
1.0962,1.9937
0.27795,0.15863
0.71382,0.96429
0.49801,1.2812
2.1295,4.2842
0.15905,1.9652
1.3327,2.3799
2.4395,6.4645
0.32082,0.65109
0.35497,0.39659
0.14892,0.61128
0.22594,0.677
0.52841,0.76489
0.34932,0.46736
0.66038,0.82188
0.96364,5.2357
0.94021,1.3602
0.30886,0.26193
0.52305,1.2191
0.23335,0.88583
0.42727,1.488
0.11712,0.098206
0.23231,0.73677
0.25292,0.68163
1.1514,1.7982
0.82902,2.3342
0.25698,1.3531
0.57799,2.7552
0.82947,0.79762
0.51023,0.89564
0.4041,1.3971
1.0035,1.051
0.74307,1.2807
0.60224,0.50606
1.5333,2.0453
0.57192,1.4596
0.68053,2.2976
1.062,4.672
0.72598,0.85364
2.1312,4.2309
0.4641,0.31913
0.27967,1.0407
0.29996,0.30851
0.26327,0.83862
0.3829,0.62003
0.71434,2.4858
0.43186,1.0449
0.36307,0.34051
0.21328,0.13903
0.27726,0.71284
0.29487,0.23494
0.13376,0.40242
2.3956,5.0865
0.64871,0.76753
0.67283,2.0262
0.4726,0.56948
0.34538,0.81429
0.87289,1.2288
0.28181,0.78343
1.2072,1.692
0.19251,0.5135
2.094,4.3063
0.25239,0.43339
0.60773,1.1328
1.3189,2.0803
0.2337,0.77385
0.046108,0.16488
0.32238,3.1454
0.38422,0.49147
1.8147,3.4758
0.3237,0.39303
1.2204,2.2033
0.57799,0.48768
1.2452,4.266
0.21788,1.5509
0.55904,0.68142
0.27623,0.43403
0.87357,1.629
0.082581,0.37048
0.66415,1.0404
0.28481,0.64011
1.7184,2.3671
0.11217,0.25019
0.57992,0.55582
0.25858,0.80322
1.1445,1.7798
0.29208,0.24848
2.3662,3.8648
2.4931,9.3693
0.52624,1.0069
0.18315,0.10851
0.47533,0.40073
0.50524,0.40425
0.098635,0.53619
0.41211,0.3255
0.25952,0.85281
1.4308,3.457
0.62025,1.1929
0.88673,1.3193
0.88303,2.4478
2.4229,4.871
0.59723,3.081
0.32342,0.42669
0.6897,0.71708
0.85159,1.728
0.2179,0.27427
0.8192,1.7413
1.5813,2.0174
0.33386,0.57218
0.4363,0.93202
0.37748,0.29535
1.1979,1.326
2.959,7.1401
2.5888,8.7338
0.31141,0.43793
0.3889,1.8284
0.31249,0.37673
0.45021,0.32541
0.28,0.48421
0.46489,0.47321
0.39273,0.40898
0.11739,2.3178
0.70575,0.66473
0.82198,1.2794
0.75969,2.2522
0.39423,2.1925
